"name";"parent_path";"sequence";"external_id"
"Farming";"";"10";"ter_use_type_farming"
"Industrial";"";"10";"ter_use_type_industrial"
"Livestock";"";"10";"ter_use_type_livestock"
"Recreational";"";"10";"ter_use_type_recreational"
"Urban";"";"10";"ter_use_type_urban"
"Water reservoir";"";"10";"ter_use_type_water_reservoir"
"Berries";"Farming";"10";"ter_use_type_familia_berries"
"Cereals";"Farming";"10";"ter_use_type_familia_cereals"
"Citrus";"Farming";"10";"ter_use_type_familia_citrus"
"Forage and Fodder";"Farming";"10";"ter_use_type_familia_forage"
"Fruit trees (non-citrus)";"Farming";"10";"ter_use_type_familia_fruit_trees"
"Grapevine";"Farming";"10";"ter_use_type_familia_grapevine"
"Greenhouse";"Farming";"10";"ter_use_type_familia_greenhouse"
"Industrial crops";"Farming";"10";"ter_use_type_familia_industrial"
"Legumes (grain)";"Farming";"10";"ter_use_type_familia_legumes_grain"
"Mushrooms";"Farming";"10";"ter_use_type_familia_mushrooms"
"Oilseeds and Industrial";"Farming";"10";"ter_use_type_familia_oilseeds"
"Orchards and Nuts";"Farming";"10";"ter_use_type_familia_orchards_nuts"
"Ornamentals and Flowers";"Farming";"10";"ter_use_type_familia_ornamentals"
"Other";"Farming";"10";"ter_use_type_familia_other"
"Pastures and Grasslands";"Farming";"10";"ter_use_type_familia_pastures"
"Sugar crops";"Farming";"10";"ter_use_type_familia_sugar"
"Tubers and Roots";"Farming";"10";"ter_use_type_familia_tubers_roots"
"Unproductive";"Farming";"10";"ter_use_type_familia_unproductive"
"Vegetables";"Farming";"10";"ter_use_type_familia_vegetables"
"Woody others";"Farming";"10";"ter_use_type_familia_woody_others"
"FRAMBUESA";"Farming/Berries";"10";"ter_use_type_cultivo_192"
"FRUTOS DEL BOSQUE";"Farming/Berries";"10";"ter_use_type_cultivo_278"
"GROSELLERO";"Farming/Berries";"10";"ter_use_type_cultivo_215"
"GROSELLERO NEGRO";"Farming/Berries";"10";"ter_use_type_cultivo_292"
"ZARZAMORA";"Farming/Berries";"10";"ter_use_type_cultivo_149"
"ALPISTE";"Farming/Cereals";"10";"ter_use_type_cultivo_11"
"ALPISTE BULBOSO";"Farming/Cereals";"10";"ter_use_type_cultivo_539"
"ARROZ";"Farming/Cereals";"10";"ter_use_type_cultivo_80"
"AVENA";"Farming/Cereals";"10";"ter_use_type_cultivo_8"
"AVENA DESNUDA";"Farming/Cereals";"10";"ter_use_type_cultivo_578"
"AVENA NEGRA";"Farming/Cereals";"10";"ter_use_type_cultivo_579"
"CEBADA";"Farming/Cereals";"10";"ter_use_type_cultivo_5"
"CENTENO";"Farming/Cereals";"10";"ter_use_type_cultivo_6"
"ESPELTA";"Farming/Cereals";"10";"ter_use_type_cultivo_2"
"MAÍZ";"Farming/Cereals";"10";"ter_use_type_cultivo_4"
"MAÍZ DULCE";"Farming/Cereals";"10";"ter_use_type_cultivo_326"
"MAÍZ PALOMITERO";"Farming/Cereals";"10";"ter_use_type_cultivo_585"
"MEZCLA AVENA-CEBADA";"Farming/Cereals";"10";"ter_use_type_cultivo_306"
"MEZCLA AVENA-CENTENO";"Farming/Cereals";"10";"ter_use_type_cultivo_455"
"MEZCLA AVENA-MAÍZ";"Farming/Cereals";"10";"ter_use_type_cultivo_448"
"MEZCLA AVENA-TRIGO";"Farming/Cereals";"10";"ter_use_type_cultivo_305"
"MEZCLA AVENA-TRITICALE";"Farming/Cereals";"10";"ter_use_type_cultivo_307"
"MEZCLA CEBADA-TRIGO";"Farming/Cereals";"10";"ter_use_type_cultivo_450"
"MEZCLA CENTENO-MAÍZ";"Farming/Cereals";"10";"ter_use_type_cultivo_456"
"MEZCLA CENTENO-TRIGO";"Farming/Cereals";"10";"ter_use_type_cultivo_451"
"MEZCLA MAÍZ-SORGO";"Farming/Cereals";"10";"ter_use_type_cultivo_457"
"MEZCLA TRITICALE-CEBADA";"Farming/Cereals";"10";"ter_use_type_cultivo_958"
"MIJO";"Farming/Cereals";"10";"ter_use_type_cultivo_10"
"QUINOA";"Farming/Cereals";"10";"ter_use_type_cultivo_222"
"SORGO";"Farming/Cereals";"10";"ter_use_type_cultivo_7"
"TEFF";"Farming/Cereals";"10";"ter_use_type_cultivo_19"
"TRIGO BLANDO";"Farming/Cereals";"10";"ter_use_type_cultivo_1"
"TRIGO DURO";"Farming/Cereals";"10";"ter_use_type_cultivo_3"
"TRIGO KHORASAN";"Farming/Cereals";"10";"ter_use_type_cultivo_325"
"TRITICALE";"Farming/Cereals";"10";"ter_use_type_cultivo_13"
"TRITORDEUM";"Farming/Cereals";"10";"ter_use_type_cultivo_14"
"CLEMENTINA";"Farming/Citrus";"10";"ter_use_type_cultivo_204"
"CLEMENTINA-CAQUI";"Farming/Citrus";"10";"ter_use_type_cultivo_948"
"HÍBRIDOS DE CITRUS MÁXIMA Y RETICULATA";"Farming/Citrus";"10";"ter_use_type_cultivo_995"
"LIMONERO";"Farming/Citrus";"10";"ter_use_type_cultivo_207"
"MANDARINO";"Farming/Citrus";"10";"ter_use_type_cultivo_209"
"MANDARINO HÍBRIDO";"Farming/Citrus";"10";"ter_use_type_cultivo_210"
"NARANJO";"Farming/Citrus";"10";"ter_use_type_cultivo_206"
"NARANJO AMARGO";"Farming/Citrus";"10";"ter_use_type_cultivo_356"
"NARANJO MORUNO";"Farming/Citrus";"10";"ter_use_type_cultivo_435"
"NARANJO-AGUACATE";"Farming/Citrus";"10";"ter_use_type_cultivo_352"
"NARANJO-CAQUI";"Farming/Citrus";"10";"ter_use_type_cultivo_940"
"NARANJO-MANDARINO";"Farming/Citrus";"10";"ter_use_type_cultivo_941"
"POMELO O TORONJA";"Farming/Citrus";"10";"ter_use_type_cultivo_208"
"SATSUMA";"Farming/Citrus";"10";"ter_use_type_cultivo_205"
"SATSUMA-CAQUI";"Farming/Citrus";"10";"ter_use_type_cultivo_949"
"ALFALFA";"Farming/Forage and Fodder";"10";"ter_use_type_cultivo_60"
"ALHOLVA";"Farming/Forage and Fodder";"10";"ter_use_type_cultivo_61"
"ESPARCETA";"Farming/Forage and Fodder";"10";"ter_use_type_cultivo_67"
"MEZCLA ALTRAMUZ-AVENA";"Farming/Forage and Fodder";"10";"ter_use_type_cultivo_454"
"MEZCLA AVENA-CEBADA-VEZA";"Farming/Forage and Fodder";"10";"ter_use_type_cultivo_946"
"MEZCLA AVENA-MAÍZ-VEZA";"Farming/Forage and Fodder";"10";"ter_use_type_cultivo_452"
"MEZCLA AVENA-VEZA";"Farming/Forage and Fodder";"10";"ter_use_type_cultivo_241"
"MEZCLA AVENA-YEROS";"Farming/Forage and Fodder";"10";"ter_use_type_cultivo_339"
"MEZCLA AVENA-ZULLA";"Farming/Forage and Fodder";"10";"ter_use_type_cultivo_245"
"MEZCLA CEBADA-MAÍZ-VEZA";"Farming/Forage and Fodder";"10";"ter_use_type_cultivo_453"
"MEZCLA CEBADA-VEZA";"Farming/Forage and Fodder";"10";"ter_use_type_cultivo_244"
"MEZCLA CEBADA-YEROS";"Farming/Forage and Fodder";"10";"ter_use_type_cultivo_340"
"MEZCLA CEBADA-ZULLA";"Farming/Forage and Fodder";"10";"ter_use_type_cultivo_246"
"MEZCLA DE VEZA - YEROS";"Farming/Forage and Fodder";"10";"ter_use_type_cultivo_996"
"MEZCLA PRATENSES CON PREDOMINANCIA CULTIVOS FIJADORES NITROGENO";"Farming/Forage and Fodder";"10";"ter_use_type_cultivo_953"
"MEZCLA RAYGRASS-TRÉBOL";"Farming/Forage and Fodder";"10";"ter_use_type_cultivo_496"
"MEZCLA RAYGRASS-VEZA";"Farming/Forage and Fodder";"10";"ter_use_type_cultivo_338"
"MEZCLA TRIGO-VEZA";"Farming/Forage and Fodder";"10";"ter_use_type_cultivo_243"
"MEZCLA TRITICALE-VEZA";"Farming/Forage and Fodder";"10";"ter_use_type_cultivo_242"
"VEZA";"Farming/Forage and Fodder";"10";"ter_use_type_cultivo_52"
"VEZA VELLOSA";"Farming/Forage and Fodder";"10";"ter_use_type_cultivo_483"
"YEROS";"Farming/Forage and Fodder";"10";"ter_use_type_cultivo_53"
"ZULLA";"Farming/Forage and Fodder";"10";"ter_use_type_cultivo_76"
"ACTINIDIA";"Farming/Fruit trees (non-citrus)";"10";"ter_use_type_cultivo_605"
"ACTINIDIA VALVATA";"Farming/Fruit trees (non-citrus)";"10";"ter_use_type_cultivo_607"
"AGAVE";"Farming/Fruit trees (non-citrus)";"10";"ter_use_type_cultivo_865"
"AGUACATE";"Farming/Fruit trees (non-citrus)";"10";"ter_use_type_cultivo_343"
"AJEDREA";"Farming/Fruit trees (non-citrus)";"10";"ter_use_type_cultivo_251"
"AJENJO";"Farming/Fruit trees (non-citrus)";"10";"ter_use_type_cultivo_284"
"ALBARICOQUERO";"Farming/Fruit trees (non-citrus)";"10";"ter_use_type_cultivo_107"
"ALCAPARRA";"Farming/Fruit trees (non-citrus)";"10";"ter_use_type_cultivo_283"
"ALOE VERA";"Farming/Fruit trees (non-citrus)";"10";"ter_use_type_cultivo_290"
"ANÍS ESTRELLADO";"Farming/Fruit trees (non-citrus)";"10";"ter_use_type_cultivo_403"
"ARGÁN";"Farming/Fruit trees (non-citrus)";"10";"ter_use_type_cultivo_918"
"ARÁNDANO";"Farming/Fruit trees (non-citrus)";"10";"ter_use_type_cultivo_216"
"AZUFAIFO";"Farming/Fruit trees (non-citrus)";"10";"ter_use_type_cultivo_907"
"BAMBÚ";"Farming/Fruit trees (non-citrus)";"10";"ter_use_type_cultivo_443"
"BAYAS DE GOJI";"Farming/Fruit trees (non-citrus)";"10";"ter_use_type_cultivo_485"
"BERGAMOTO";"Farming/Fruit trees (non-citrus)";"10";"ter_use_type_cultivo_430"
"CABECERA Y CONTORNOS DE CULTIVO PERMANENTE";"Farming/Fruit trees (non-citrus)";"10";"ter_use_type_cultivo_335"
"CAFÉ";"Farming/Fruit trees (non-citrus)";"10";"ter_use_type_cultivo_291"
"CAMELIA JAPONESA";"Farming/Fruit trees (non-citrus)";"10";"ter_use_type_cultivo_895"
"CAMELLIA";"Farming/Fruit trees (non-citrus)";"10";"ter_use_type_cultivo_708"
"CAQUI o PALOSANTO";"Farming/Fruit trees (non-citrus)";"10";"ter_use_type_cultivo_213"
"CARAMBOLO";"Farming/Fruit trees (non-citrus)";"10";"ter_use_type_cultivo_908"
"CASTANEA";"Farming/Fruit trees (non-citrus)";"10";"ter_use_type_cultivo_609"
"CASTAÑO JAPONES";"Farming/Fruit trees (non-citrus)";"10";"ter_use_type_cultivo_611"
"CEREZO";"Farming/Fruit trees (non-citrus)";"10";"ter_use_type_cultivo_110"
"CEREZO ALISO";"Farming/Fruit trees (non-citrus)";"10";"ter_use_type_cultivo_969"
"CEREZO JAPONÉS";"Farming/Fruit trees (non-citrus)";"10";"ter_use_type_cultivo_965"
"CEREZO RASTRERO";"Farming/Fruit trees (non-citrus)";"10";"ter_use_type_cultivo_968"
"CEREZO-OLIVAR";"Farming/Fruit trees (non-citrus)";"10";"ter_use_type_cultivo_353"
"CHIRIMOYO";"Farming/Fruit trees (non-citrus)";"10";"ter_use_type_cultivo_345"
"CIDRO";"Farming/Fruit trees (non-citrus)";"10";"ter_use_type_cultivo_431"
"CIRUELO";"Farming/Fruit trees (non-citrus)";"10";"ter_use_type_cultivo_111"
"CIRUELO JAPONÉS";"Farming/Fruit trees (non-citrus)";"10";"ter_use_type_cultivo_506"
"CIRUELO MIROBÁLANO";"Farming/Fruit trees (non-citrus)";"10";"ter_use_type_cultivo_966"
"CÍTRICOS HÍBRIDOS-CAQUI";"Farming/Fruit trees (non-citrus)";"10";"ter_use_type_cultivo_351"
"ENDRINO o ARAÑÓN";"Farming/Fruit trees (non-citrus)";"10";"ter_use_type_cultivo_203"
"ESPECIES AROMÁTICAS LEÑOSAS";"Farming/Fruit trees (non-citrus)";"10";"ter_use_type_cultivo_118"
"ESPLIEGO";"Farming/Fruit trees (non-citrus)";"10";"ter_use_type_cultivo_285"
"ESPÁRRAGO";"Farming/Fruit trees (non-citrus)";"10";"ter_use_type_cultivo_279"
"FRUTAL - HUERTA";"Farming/Fruit trees (non-citrus)";"10";"ter_use_type_cultivo_495"
"GRANADO";"Farming/Fruit trees (non-citrus)";"10";"ter_use_type_cultivo_217"
"GUANÁBANO";"Farming/Fruit trees (non-citrus)";"10";"ter_use_type_cultivo_866"
"GUAYABO";"Farming/Fruit trees (non-citrus)";"10";"ter_use_type_cultivo_923"
"GUINDO";"Farming/Fruit trees (non-citrus)";"10";"ter_use_type_cultivo_437"
"HELICRISO";"Farming/Fruit trees (non-citrus)";"10";"ter_use_type_cultivo_286"
"HIERBALUISA";"Farming/Fruit trees (non-citrus)";"10";"ter_use_type_cultivo_287"
"HIGUERA";"Farming/Fruit trees (non-citrus)";"10";"ter_use_type_cultivo_218"
"HISOPO";"Farming/Fruit trees (non-citrus)";"10";"ter_use_type_cultivo_259"
"HÍBRIDOS DE ACTINIDIA CHINENSIS Y ARGUTA";"Farming/Fruit trees (non-citrus)";"10";"ter_use_type_cultivo_608"
"HÍBRIDOS DE ACTINIDIA CHINENSIS Y DELICIOSA";"Farming/Fruit trees (non-citrus)";"10";"ter_use_type_cultivo_992"
"HÍBRIDOS DE ACTINIDIA CHINENSIS Y ERIANTHA";"Farming/Fruit trees (non-citrus)";"10";"ter_use_type_cultivo_993"
"HÍBRIDOS DE CASTANEA CRENATA Y SATIVA";"Farming/Fruit trees (non-citrus)";"10";"ter_use_type_cultivo_610"
"HÍBRIDOS DE JUGLANS MAYOR Y REGIA";"Farming/Fruit trees (non-citrus)";"10";"ter_use_type_cultivo_613"
"JATROPHA";"Farming/Fruit trees (non-citrus)";"10";"ter_use_type_cultivo_235"
"JOJOBA";"Farming/Fruit trees (non-citrus)";"10";"ter_use_type_cultivo_947"
"KIWI";"Farming/Fruit trees (non-citrus)";"10";"ter_use_type_cultivo_212"
"KIWI AMARILLO";"Farming/Fruit trees (non-citrus)";"10";"ter_use_type_cultivo_604"
"KIWI ENANO";"Farming/Fruit trees (non-citrus)";"10";"ter_use_type_cultivo_606"
"KIWIÑO";"Farming/Fruit trees (non-citrus)";"10";"ter_use_type_cultivo_603"
"KUMQUAT";"Farming/Fruit trees (non-citrus)";"10";"ter_use_type_cultivo_911"
"LAUREL CEREZO";"Farming/Fruit trees (non-citrus)";"10";"ter_use_type_cultivo_970"
"LAUREL DE PORTUGAL";"Farming/Fruit trees (non-citrus)";"10";"ter_use_type_cultivo_971"
"LAVANDA";"Farming/Fruit trees (non-citrus)";"10";"ter_use_type_cultivo_281"
"LAVANDÍN";"Farming/Fruit trees (non-citrus)";"10";"ter_use_type_cultivo_282"
"LIMA";"Farming/Fruit trees (non-citrus)";"10";"ter_use_type_cultivo_915"
"LIMEQUAT";"Farming/Fruit trees (non-citrus)";"10";"ter_use_type_cultivo_912"
"LIMERO DULCE";"Farming/Fruit trees (non-citrus)";"10";"ter_use_type_cultivo_433"
"LIMÓN DULCE DEL MEDITERRÁNEO";"Farming/Fruit trees (non-citrus)";"10";"ter_use_type_cultivo_434"
"LIMÓN MANDARINA";"Farming/Fruit trees (non-citrus)";"10";"ter_use_type_cultivo_432"
"LITCHI";"Farming/Fruit trees (non-citrus)";"10";"ter_use_type_cultivo_910"
"LONGAN";"Farming/Fruit trees (non-citrus)";"10";"ter_use_type_cultivo_920"
"LÚPULO";"Farming/Fruit trees (non-citrus)";"10";"ter_use_type_cultivo_84"
"MANGO";"Farming/Fruit trees (non-citrus)";"10";"ter_use_type_cultivo_344"
"MANGOSTÁN";"Farming/Fruit trees (non-citrus)";"10";"ter_use_type_cultivo_921"
"MANO DE BUDA";"Farming/Fruit trees (non-citrus)";"10";"ter_use_type_cultivo_913"
"MANZANO";"Farming/Fruit trees (non-citrus)";"10";"ter_use_type_cultivo_109"
"MANZANO DE ADORNO";"Farming/Fruit trees (non-citrus)";"10";"ter_use_type_cultivo_976"
"MANZANO ROJO";"Farming/Fruit trees (non-citrus)";"10";"ter_use_type_cultivo_973"
"MANZANO SILVESTRE";"Farming/Fruit trees (non-citrus)";"10";"ter_use_type_cultivo_977"
"MANZANO SILVESTRE AMERICANO";"Farming/Fruit trees (non-citrus)";"10";"ter_use_type_cultivo_974"
"MANZANO SILVESTRE CHINO";"Farming/Fruit trees (non-citrus)";"10";"ter_use_type_cultivo_975"
"MANZANO SILVESTRE JAPONÉS";"Farming/Fruit trees (non-citrus)";"10";"ter_use_type_cultivo_972"
"MARACUYÁ o FRUTO DE LA PASIÓN";"Farming/Fruit trees (non-citrus)";"10";"ter_use_type_cultivo_944"
"MELISA O TORONJIL";"Farming/Fruit trees (non-citrus)";"10";"ter_use_type_cultivo_265"
"MELOCOTONERO";"Farming/Fruit trees (non-citrus)";"10";"ter_use_type_cultivo_105"
"MEMBRILLO";"Farming/Fruit trees (non-citrus)";"10";"ter_use_type_cultivo_211"
"MEZCLA BRACHIPODIUM-TRÉBOL";"Farming/Fruit trees (non-citrus)";"10";"ter_use_type_cultivo_988"
"MEZCLA CEREAL-VEZA";"Farming/Fruit trees (non-citrus)";"10";"ter_use_type_cultivo_990"
"MORERA";"Farming/Fruit trees (non-citrus)";"10";"ter_use_type_cultivo_347"
"MORINGA";"Farming/Fruit trees (non-citrus)";"10";"ter_use_type_cultivo_331"
"NASHI";"Farming/Fruit trees (non-citrus)";"10";"ter_use_type_cultivo_909"
"NECTARINO";"Farming/Fruit trees (non-citrus)";"10";"ter_use_type_cultivo_106"
"NUEZ DE COLA";"Farming/Fruit trees (non-citrus)";"10";"ter_use_type_cultivo_481"
"NÍSPERO";"Farming/Fruit trees (non-citrus)";"10";"ter_use_type_cultivo_214"
"NÍSPERO EUROPEO";"Farming/Fruit trees (non-citrus)";"10";"ter_use_type_cultivo_843"
"NÍSPERO-CAQUI";"Farming/Fruit trees (non-citrus)";"10";"ter_use_type_cultivo_942"
"OLIVAR - FRUTAL";"Farming/Fruit trees (non-citrus)";"10";"ter_use_type_cultivo_349"
"OLIVO";"Farming/Fruit trees (non-citrus)";"10";"ter_use_type_cultivo_101"
"OPUNTIA";"Farming/Fruit trees (non-citrus)";"10";"ter_use_type_cultivo_226"
"OTROS FRUTALES";"Farming/Fruit trees (non-citrus)";"10";"ter_use_type_cultivo_113"
"PALMERA DATILERA";"Farming/Fruit trees (non-citrus)";"10";"ter_use_type_cultivo_943"
"PAPAYA";"Farming/Fruit trees (non-citrus)";"10";"ter_use_type_cultivo_346"
"PARAGUAYO";"Farming/Fruit trees (non-citrus)";"10";"ter_use_type_cultivo_202"
"PERAL";"Farming/Fruit trees (non-citrus)";"10";"ter_use_type_cultivo_108"
"PERAL DE CALLERY";"Farming/Fruit trees (non-citrus)";"10";"ter_use_type_cultivo_980"
"PERAL DE REGEL";"Farming/Fruit trees (non-citrus)";"10";"ter_use_type_cultivo_982"
"PERAL SILVESTRE";"Farming/Fruit trees (non-citrus)";"10";"ter_use_type_cultivo_978"
"PIRUÉTANO";"Farming/Fruit trees (non-citrus)";"10";"ter_use_type_cultivo_979"
"PITA";"Farming/Fruit trees (non-citrus)";"10";"ter_use_type_cultivo_440"
"PITAYA";"Farming/Fruit trees (non-citrus)";"10";"ter_use_type_cultivo_919"
"PIÑA";"Farming/Fruit trees (non-citrus)";"10";"ter_use_type_cultivo_906"
"PLATANERA";"Farming/Fruit trees (non-citrus)";"10";"ter_use_type_cultivo_905"
"PLATERINA";"Farming/Fruit trees (non-citrus)";"10";"ter_use_type_cultivo_201"
"PUMMELO";"Farming/Fruit trees (non-citrus)";"10";"ter_use_type_cultivo_994"
"RAMBUTÁN";"Farming/Fruit trees (non-citrus)";"10";"ter_use_type_cultivo_922"
"RAMIO";"Farming/Fruit trees (non-citrus)";"10";"ter_use_type_cultivo_398"
"RICINO";"Farming/Fruit trees (non-citrus)";"10";"ter_use_type_cultivo_355"
"ROMERO";"Farming/Fruit trees (non-citrus)";"10";"ter_use_type_cultivo_288"
"SALVIA";"Farming/Fruit trees (non-citrus)";"10";"ter_use_type_cultivo_268"
"SANTOLINA";"Farming/Fruit trees (non-citrus)";"10";"ter_use_type_cultivo_289"
"SISAL";"Farming/Fruit trees (non-citrus)";"10";"ter_use_type_cultivo_143"
"TAGASASTE";"Farming/Fruit trees (non-citrus)";"10";"ter_use_type_cultivo_936"
"TEDERA";"Farming/Fruit trees (non-citrus)";"10";"ter_use_type_cultivo_459"
"TOMILLO";"Farming/Fruit trees (non-citrus)";"10";"ter_use_type_cultivo_263"
"TÉ";"Farming/Fruit trees (non-citrus)";"10";"ter_use_type_cultivo_441"
"VIÑA";"Farming/Fruit trees (non-citrus)";"10";"ter_use_type_cultivo_102"
"VIÑA - FRUTAL";"Farming/Fruit trees (non-citrus)";"10";"ter_use_type_cultivo_348"
"VIÑA - HUERTA";"Farming/Fruit trees (non-citrus)";"10";"ter_use_type_cultivo_494"
"VIÑA - OLIVAR";"Farming/Fruit trees (non-citrus)";"10";"ter_use_type_cultivo_120"
"YUTE";"Farming/Fruit trees (non-citrus)";"10";"ter_use_type_cultivo_142"
"YUZU";"Farming/Fruit trees (non-citrus)";"10";"ter_use_type_cultivo_955"
"ZAPOTE";"Farming/Fruit trees (non-citrus)";"10";"ter_use_type_cultivo_924"
"ZUMAQUE";"Farming/Fruit trees (non-citrus)";"10";"ter_use_type_cultivo_444"
"ÁRBOL DE LA NUEZ DE MACADAMIA";"Farming/Fruit trees (non-citrus)";"10";"ter_use_type_cultivo_867"
"ABACA ALIAS MANILA";"Farming/Industrial crops";"10";"ter_use_type_cultivo_140"
"ADORMIDERA";"Farming/Industrial crops";"10";"ter_use_type_cultivo_138"
"ALGODÓN";"Farming/Industrial crops";"10";"ter_use_type_cultivo_81"
"ALGODÓN AMERICANO";"Farming/Industrial crops";"10";"ter_use_type_cultivo_599"
"ALGODÓN EGIPCIO";"Farming/Industrial crops";"10";"ter_use_type_cultivo_601"
"CÁÑAMO";"Farming/Industrial crops";"10";"ter_use_type_cultivo_86"
"HIERBA CINTA";"Farming/Industrial crops";"10";"ter_use_type_cultivo_139"
"KENAF";"Farming/Industrial crops";"10";"ter_use_type_cultivo_141"
"LINO";"Farming/Industrial crops";"10";"ter_use_type_cultivo_85"
"MEZCLA LINO-BRACHYPODIUM";"Farming/Industrial crops";"10";"ter_use_type_cultivo_989"
"MISCANTHUS";"Farming/Industrial crops";"10";"ter_use_type_cultivo_223"
"TABACO";"Farming/Industrial crops";"10";"ter_use_type_cultivo_83"
"ALBERJÓN";"Farming/Legumes (grain)";"10";"ter_use_type_cultivo_250"
"ALGARROBA";"Farming/Legumes (grain)";"10";"ter_use_type_cultivo_248"
"ALMORTA";"Farming/Legumes (grain)";"10";"ter_use_type_cultivo_239"
"ALTRAMUZ AMARILLO";"Farming/Legumes (grain)";"10";"ter_use_type_cultivo_238"
"ALTRAMUZ AZUL";"Farming/Legumes (grain)";"10";"ter_use_type_cultivo_482"
"ALTRAMUZ BLANCO";"Farming/Legumes (grain)";"10";"ter_use_type_cultivo_43"
"ALUBIA";"Farming/Legumes (grain)";"10";"ter_use_type_cultivo_49"
"ALVERJA";"Farming/Legumes (grain)";"10";"ter_use_type_cultivo_249"
"ALVERJA HÚNGARA";"Farming/Legumes (grain)";"10";"ter_use_type_cultivo_486"
"AÑIL";"Farming/Legumes (grain)";"10";"ter_use_type_cultivo_492"
"BISERRULA";"Farming/Legumes (grain)";"10";"ter_use_type_cultivo_488"
"CACAHUETE";"Farming/Legumes (grain)";"10";"ter_use_type_cultivo_87"
"CAUPÍ";"Farming/Legumes (grain)";"10";"ter_use_type_cultivo_460"
"CROTALARIA JUNCEA";"Farming/Legumes (grain)";"10";"ter_use_type_cultivo_904"
"CUERNECILLO";"Farming/Legumes (grain)";"10";"ter_use_type_cultivo_937"
"GARBANZO";"Farming/Legumes (grain)";"10";"ter_use_type_cultivo_50"
"GUISANTE";"Farming/Legumes (grain)";"10";"ter_use_type_cultivo_40"
"HABA";"Farming/Legumes (grain)";"10";"ter_use_type_cultivo_41"
"HABONCILLO";"Farming/Legumes (grain)";"10";"ter_use_type_cultivo_390"
"JUDÍA ESCARLATA";"Farming/Legumes (grain)";"10";"ter_use_type_cultivo_397"
"JUDÍA MUNGO";"Farming/Legumes (grain)";"10";"ter_use_type_cultivo_957"
"LENTEJA";"Farming/Legumes (grain)";"10";"ter_use_type_cultivo_51"
"MEDICAGO";"Farming/Legumes (grain)";"10";"ter_use_type_cultivo_490"
"MELILOTO AMARILLO";"Farming/Legumes (grain)";"10";"ter_use_type_cultivo_461"
"MEZCLA ALGARROBA-AVENA";"Farming/Legumes (grain)";"10";"ter_use_type_cultivo_336"
"MEZCLA ALGARROBA-CEBADA";"Farming/Legumes (grain)";"10";"ter_use_type_cultivo_337"
"MEZCLA ALUBIA-MAÍZ";"Farming/Legumes (grain)";"10";"ter_use_type_cultivo_392"
"MEZCLA AVENA-GUISANTE";"Farming/Legumes (grain)";"10";"ter_use_type_cultivo_299"
"MEZCLA AVENA-HABA";"Farming/Legumes (grain)";"10";"ter_use_type_cultivo_945"
"MEZCLA CEBADA-GUISANTE";"Farming/Legumes (grain)";"10";"ter_use_type_cultivo_298"
"MEZCLA DE VEZA - TITARROS";"Farming/Legumes (grain)";"10";"ter_use_type_cultivo_997"
"MEZCLA HABA-VEZA";"Farming/Legumes (grain)";"10";"ter_use_type_cultivo_449"
"MEZCLA TRITICALE-GUISANTE";"Farming/Legumes (grain)";"10";"ter_use_type_cultivo_956"
"MEZCLA VEZA-GUISANTE-TRÉBOL";"Farming/Legumes (grain)";"10";"ter_use_type_cultivo_954"
"PHASEOLUS LUNATUS";"Farming/Legumes (grain)";"10";"ter_use_type_cultivo_428"
"SERRADELLA";"Farming/Legumes (grain)";"10";"ter_use_type_cultivo_446"
"SOJA";"Farming/Legumes (grain)";"10";"ter_use_type_cultivo_34"
"TITARROS";"Farming/Legumes (grain)";"10";"ter_use_type_cultivo_240"
"TRÉBOL";"Farming/Legumes (grain)";"10";"ter_use_type_cultivo_77"
"ÍNDIGO";"Farming/Legumes (grain)";"10";"ter_use_type_cultivo_991"
"SETAS";"Farming/Mushrooms";"10";"ter_use_type_cultivo_97"
"CAMELINA";"Farming/Oilseeds and Industrial";"10";"ter_use_type_cultivo_36"
"COLZA";"Farming/Oilseeds and Industrial";"10";"ter_use_type_cultivo_35"
"CÁRTAMO";"Farming/Oilseeds and Industrial";"10";"ter_use_type_cultivo_88"
"GIRASOL";"Farming/Oilseeds and Industrial";"10";"ter_use_type_cultivo_33"
"ALGARROBO";"Farming/Orchards and Nuts";"10";"ter_use_type_cultivo_122"
"ALMENDRO";"Farming/Orchards and Nuts";"10";"ter_use_type_cultivo_104"
"ALMENDRO DE FLOR";"Farming/Orchards and Nuts";"10";"ter_use_type_cultivo_967"
"ALMENDRO-OLIVAR";"Farming/Orchards and Nuts";"10";"ter_use_type_cultivo_939"
"CEREZO-ALGARROBO";"Farming/Orchards and Nuts";"10";"ter_use_type_cultivo_354"
"FRUTOS DE CÁSCARA";"Farming/Orchards and Nuts";"10";"ter_use_type_cultivo_125"
"PISTACHO";"Farming/Orchards and Nuts";"10";"ter_use_type_cultivo_124"
"FLORES";"Farming/Ornamentals and Flowers";"10";"ter_use_type_cultivo_91"
"VIVERO - PRODUCTOR MVR";"Farming/Ornamentals and Flowers";"10";"ter_use_type_cultivo_119"
"ACEDERILLA";"Farming/Other";"10";"ter_use_type_cultivo_402"
"ADELFA";"Farming/Other";"10";"ter_use_type_cultivo_898"
"ADENANTHOS";"Farming/Other";"10";"ter_use_type_cultivo_676"
"AGAPANTHUS";"Farming/Other";"10";"ter_use_type_cultivo_677"
"AGERATUM";"Farming/Other";"10";"ter_use_type_cultivo_883"
"AGRIMONIA";"Farming/Other";"10";"ter_use_type_cultivo_308"
"AGROSTIS";"Farming/Other";"10";"ter_use_type_cultivo_70"
"AGROSTIS CANINA";"Farming/Other";"10";"ter_use_type_cultivo_511"
"AGROSTIS CAPILLARIS";"Farming/Other";"10";"ter_use_type_cultivo_512"
"AGROSTIS GIGANTEA";"Farming/Other";"10";"ter_use_type_cultivo_513"
"AGROSTIS STOLONIFERA";"Farming/Other";"10";"ter_use_type_cultivo_514"
"ALCARAVEA";"Farming/Other";"10";"ter_use_type_cultivo_504"
"ALFALFA DE ARENA";"Farming/Other";"10";"ter_use_type_cultivo_534"
"ALFALFA DE BURRO";"Farming/Other";"10";"ter_use_type_cultivo_532"
"ALFALFA ESCUDETEADA";"Farming/Other";"10";"ter_use_type_cultivo_535"
"ALFALFA ESPINOSA";"Farming/Other";"10";"ter_use_type_cultivo_531"
"ALFALFA ITALIANA";"Farming/Other";"10";"ter_use_type_cultivo_528"
"ALFALFA LITORAL";"Farming/Other";"10";"ter_use_type_cultivo_529"
"ALFALFA RUGOSA";"Farming/Other";"10";"ter_use_type_cultivo_533"
"ALFORFÓN";"Farming/Other";"10";"ter_use_type_cultivo_9"
"ALOCASIA";"Farming/Other";"10";"ter_use_type_cultivo_678"
"ALOE";"Farming/Other";"10";"ter_use_type_cultivo_679"
"ALSTROEMERIA";"Farming/Other";"10";"ter_use_type_cultivo_691"
"ALTHERNANTERA";"Farming/Other";"10";"ter_use_type_cultivo_680"
"ALYOGYNE";"Farming/Other";"10";"ter_use_type_cultivo_681"
"ALYSSUM";"Farming/Other";"10";"ter_use_type_cultivo_682"
"AMARANTO";"Farming/Other";"10";"ter_use_type_cultivo_329"
"AMARANTO ROJO";"Farming/Other";"10";"ter_use_type_cultivo_655"
"AMELANCHIER";"Farming/Other";"10";"ter_use_type_cultivo_841"
"ANGÉLICA";"Farming/Other";"10";"ter_use_type_cultivo_870"
"ANIGOZANTHOS";"Farming/Other";"10";"ter_use_type_cultivo_683"
"ANTHURIUM";"Farming/Other";"10";"ter_use_type_cultivo_661"
"ANTIRRHINUM";"Farming/Other";"10";"ter_use_type_cultivo_692"
"ANÍS DULCE";"Farming/Other";"10";"ter_use_type_cultivo_253"
"AQUILEGIA";"Farming/Other";"10";"ter_use_type_cultivo_684"
"ARAUCARIA";"Farming/Other";"10";"ter_use_type_cultivo_685"
"ARCTOTIS";"Farming/Other";"10";"ter_use_type_cultivo_686"
"ARECA";"Farming/Other";"10";"ter_use_type_cultivo_687"
"ARGYRANTEMUM";"Farming/Other";"10";"ter_use_type_cultivo_688"
"ARMERIA";"Farming/Other";"10";"ter_use_type_cultivo_689"
"AROS EGIPCIOS";"Farming/Other";"10";"ter_use_type_cultivo_474"
"ARRHENATHERUM";"Farming/Other";"10";"ter_use_type_cultivo_71"
"ARTEMISA";"Farming/Other";"10";"ter_use_type_cultivo_257"
"ARVEJA ROJA";"Farming/Other";"10";"ter_use_type_cultivo_562"
"ASPLENIUM";"Farming/Other";"10";"ter_use_type_cultivo_690"
"ASTER";"Farming/Other";"10";"ter_use_type_cultivo_662"
"AVE DEL PARAÍSO";"Farming/Other";"10";"ter_use_type_cultivo_673"
"BARBAREA";"Farming/Other";"10";"ter_use_type_cultivo_480"
"BARDANA";"Farming/Other";"10";"ter_use_type_cultivo_309"
"BEAUCARNEA";"Farming/Other";"10";"ter_use_type_cultivo_698"
"BEGONIA";"Farming/Other";"10";"ter_use_type_cultivo_694"
"BEGONIA ELIATOR";"Farming/Other";"10";"ter_use_type_cultivo_695"
"BEGONIA SEMPERFLORENS";"Farming/Other";"10";"ter_use_type_cultivo_696"
"BELLIS";"Farming/Other";"10";"ter_use_type_cultivo_697"
"BIGNONIA";"Farming/Other";"10";"ter_use_type_cultivo_699"
"BLEDO COMÚN";"Farming/Other";"10";"ter_use_type_cultivo_653"
"BLEDO VERDE";"Farming/Other";"10";"ter_use_type_cultivo_652"
"BOCA DE DRAGÓN";"Farming/Other";"10";"ter_use_type_cultivo_737"
"BORONIA";"Farming/Other";"10";"ter_use_type_cultivo_701"
"BOTÓN DE ORO";"Farming/Other";"10";"ter_use_type_cultivo_404"
"BOUGAINVILLEA";"Farming/Other";"10";"ter_use_type_cultivo_858"
"BRACHYPODIUM";"Farming/Other";"10";"ter_use_type_cultivo_587"
"BROMO DE SITKA";"Farming/Other";"10";"ter_use_type_cultivo_516"
"BULBINE";"Farming/Other";"10";"ter_use_type_cultivo_702"
"BUXUS";"Farming/Other";"10";"ter_use_type_cultivo_857"
"CAESALPINIA";"Farming/Other";"10";"ter_use_type_cultivo_703"
"CALCEOLARIA";"Farming/Other";"10";"ter_use_type_cultivo_704"
"CALIBRACHOA";"Farming/Other";"10";"ter_use_type_cultivo_705"
"CALIFORNIA BLUEBELL";"Farming/Other";"10";"ter_use_type_cultivo_487"
"CALLA";"Farming/Other";"10";"ter_use_type_cultivo_706"
"CALLISTEMON";"Farming/Other";"10";"ter_use_type_cultivo_707"
"CALÉNDULA";"Farming/Other";"10";"ter_use_type_cultivo_272"
"CANNA";"Farming/Other";"10";"ter_use_type_cultivo_709"
"CAPUCHINA";"Farming/Other";"10";"ter_use_type_cultivo_887"
"CAREX";"Farming/Other";"10";"ter_use_type_cultivo_710"
"CARISSA";"Farming/Other";"10";"ter_use_type_cultivo_711"
"CARRETÓN";"Farming/Other";"10";"ter_use_type_cultivo_527"
"CASSIA";"Farming/Other";"10";"ter_use_type_cultivo_713"
"CATTLEYA";"Farming/Other";"10";"ter_use_type_cultivo_663"
"CAÑA COMÚN";"Farming/Other";"10";"ter_use_type_cultivo_236"
"CAÑA DE AZÚCAR";"Farming/Other";"10";"ter_use_type_cultivo_220"
"CAÑUELA";"Farming/Other";"10";"ter_use_type_cultivo_561"
"CEANOTHUS";"Farming/Other";"10";"ter_use_type_cultivo_714"
"CEBADILLA";"Farming/Other";"10";"ter_use_type_cultivo_576"
"CELINDA";"Farming/Other";"10";"ter_use_type_cultivo_859"
"CERATONIA";"Farming/Other";"10";"ter_use_type_cultivo_715"
"CEREZA DE NATAL";"Farming/Other";"10";"ter_use_type_cultivo_712"
"CESTRUM";"Farming/Other";"10";"ter_use_type_cultivo_716"
"CHAMPIÑÓN";"Farming/Other";"10";"ter_use_type_cultivo_194"
"CHEFLERA";"Farming/Other";"10";"ter_use_type_cultivo_896"
"CHRYSANTHEMUM";"Farming/Other";"10";"ter_use_type_cultivo_882"
"CHUFA";"Farming/Other";"10";"ter_use_type_cultivo_89"
"CHUPAMIELES";"Farming/Other";"10";"ter_use_type_cultivo_406"
"CHÍA";"Farming/Other";"10";"ter_use_type_cultivo_374"
"CICUTA";"Farming/Other";"10";"ter_use_type_cultivo_410"
"CINAMOMO";"Farming/Other";"10";"ter_use_type_cultivo_849"
"CINERARIA";"Farming/Other";"10";"ter_use_type_cultivo_718"
"CISSUS";"Farming/Other";"10";"ter_use_type_cultivo_864"
"CLAVEL";"Farming/Other";"10";"ter_use_type_cultivo_659"
"CLAVEL CHINO";"Farming/Other";"10";"ter_use_type_cultivo_674"
"CLAVEL DEL POETA";"Farming/Other";"10";"ter_use_type_cultivo_675"
"CLIVIA";"Farming/Other";"10";"ter_use_type_cultivo_719"
"CODIAEUM";"Farming/Other";"10";"ter_use_type_cultivo_720"
"COLA DE ZORRA";"Farming/Other";"10";"ter_use_type_cultivo_515"
"CONVOLVULUS";"Farming/Other";"10";"ter_use_type_cultivo_722"
"COPROSMA";"Farming/Other";"10";"ter_use_type_cultivo_723"
"CORDYLINE";"Farming/Other";"10";"ter_use_type_cultivo_724"
"CORREA";"Farming/Other";"10";"ter_use_type_cultivo_725"
"COTONEASTER";"Farming/Other";"10";"ter_use_type_cultivo_840"
"CRASSULA";"Farming/Other";"10";"ter_use_type_cultivo_726"
"CULTIVOS MIXTOS DE ESPECIES PRATENSES";"Farming/Other";"10";"ter_use_type_cultivo_247"
"CYCAS";"Farming/Other";"10";"ter_use_type_cultivo_717"
"CYCLAMEN";"Farming/Other";"10";"ter_use_type_cultivo_874"
"CYPERUS";"Farming/Other";"10";"ter_use_type_cultivo_727"
"CÓLEO";"Farming/Other";"10";"ter_use_type_cultivo_721"
"CÚRCUMA";"Farming/Other";"10";"ter_use_type_cultivo_950"
"DACTILO";"Farming/Other";"10";"ter_use_type_cultivo_72"
"DAHLIA";"Farming/Other";"10";"ter_use_type_cultivo_728"
"DAPHNE";"Farming/Other";"10";"ter_use_type_cultivo_729"
"DASYLIRION";"Farming/Other";"10";"ter_use_type_cultivo_730"
"DEDALERA O DIGITAL";"Farming/Other";"10";"ter_use_type_cultivo_409"
"DELOSPERMA";"Farming/Other";"10";"ter_use_type_cultivo_731"
"DIANELLA";"Farming/Other";"10";"ter_use_type_cultivo_732"
"DIENTE DE LEÓN";"Farming/Other";"10";"ter_use_type_cultivo_310"
"DIMORPHOTHECA";"Farming/Other";"10";"ter_use_type_cultivo_733"
"DIOSMA";"Farming/Other";"10";"ter_use_type_cultivo_734"
"DODONAEA";"Farming/Other";"10";"ter_use_type_cultivo_735"
"DRACAENA";"Farming/Other";"10";"ter_use_type_cultivo_736"
"DURANTA";"Farming/Other";"10";"ter_use_type_cultivo_738"
"ECHIUM";"Farming/Other";"10";"ter_use_type_cultivo_739"
"ENULA";"Farming/Other";"10";"ter_use_type_cultivo_311"
"EPIPREMNUM";"Farming/Other";"10";"ter_use_type_cultivo_740"
"EQUINACEA";"Farming/Other";"10";"ter_use_type_cultivo_312"
"EREMOPHILA";"Farming/Other";"10";"ter_use_type_cultivo_741"
"ERICA";"Farming/Other";"10";"ter_use_type_cultivo_861"
"ERIOSTEMON";"Farming/Other";"10";"ter_use_type_cultivo_742"
"ESCANDA";"Farming/Other";"10";"ter_use_type_cultivo_393"
"ESCAÑA";"Farming/Other";"10";"ter_use_type_cultivo_394"
"ESCORZONERA";"Farming/Other";"10";"ter_use_type_cultivo_479"
"ESPECIES AROMÁTICAS HERBÁCEAS";"Farming/Other";"10";"ter_use_type_cultivo_96"
"ESPIGUILLA DE BURRO";"Farming/Other";"10";"ter_use_type_cultivo_491"
"ESPINO ALBAR";"Farming/Other";"10";"ter_use_type_cultivo_842"
"ESTRAGÓN";"Farming/Other";"10";"ter_use_type_cultivo_270"
"EUONYMUS";"Farming/Other";"10";"ter_use_type_cultivo_743"
"EUPHORBIA";"Farming/Other";"10";"ter_use_type_cultivo_744"
"FACELIA FORRAJERA";"Farming/Other";"10";"ter_use_type_cultivo_538"
"FALSO JAZMÍN";"Farming/Other";"10";"ter_use_type_cultivo_769"
"FARFUGIUM";"Farming/Other";"10";"ter_use_type_cultivo_745"
"FEIJOA";"Farming/Other";"10";"ter_use_type_cultivo_778"
"FESTUCA";"Farming/Other";"10";"ter_use_type_cultivo_68"
"FESTUCA ALTA";"Farming/Other";"10";"ter_use_type_cultivo_517"
"FESTUCA DURA";"Farming/Other";"10";"ter_use_type_cultivo_522"
"FESTUCA OVINA";"Farming/Other";"10";"ter_use_type_cultivo_519"
"FESTUCA OVINA DE HOJA FINA";"Farming/Other";"10";"ter_use_type_cultivo_518"
"FESTUCA PRATENSE";"Farming/Other";"10";"ter_use_type_cultivo_520"
"FESTUCA ROJA";"Farming/Other";"10";"ter_use_type_cultivo_521"
"FICUS";"Farming/Other";"10";"ter_use_type_cultivo_746"
"FICUS BENJAMINA";"Farming/Other";"10";"ter_use_type_cultivo_889"
"FICUS DE HOJA DE VIOLÍN";"Farming/Other";"10";"ter_use_type_cultivo_891"
"FICUS RABUDO";"Farming/Other";"10";"ter_use_type_cultivo_888"
"FLEO";"Farming/Other";"10";"ter_use_type_cultivo_73"
"FLEO BULBOSO";"Farming/Other";"10";"ter_use_type_cultivo_540"
"FLOR DE CERA";"Farming/Other";"10";"ter_use_type_cultivo_747"
"FLOR DE PAPEL";"Farming/Other";"10";"ter_use_type_cultivo_748"
"FLOR DE PASCUA";"Farming/Other";"10";"ter_use_type_cultivo_899"
"FREESIA";"Farming/Other";"10";"ter_use_type_cultivo_664"
"FUCHSIA";"Farming/Other";"10";"ter_use_type_cultivo_749"
"GALEGA DE ORIENTE";"Farming/Other";"10";"ter_use_type_cultivo_523"
"GALVEZIA";"Farming/Other";"10";"ter_use_type_cultivo_751"
"GARDENIA";"Farming/Other";"10";"ter_use_type_cultivo_752"
"GAURA";"Farming/Other";"10";"ter_use_type_cultivo_753"
"GAYUBA";"Farming/Other";"10";"ter_use_type_cultivo_862"
"GAZANIA";"Farming/Other";"10";"ter_use_type_cultivo_754"
"GENCIANA";"Farming/Other";"10";"ter_use_type_cultivo_258"
"GERBERA";"Farming/Other";"10";"ter_use_type_cultivo_665"
"GINSENG";"Farming/Other";"10";"ter_use_type_cultivo_313"
"GITANILLA";"Farming/Other";"10";"ter_use_type_cultivo_755"
"GLADIOLUS";"Farming/Other";"10";"ter_use_type_cultivo_875"
"GRAMA COMÚN";"Farming/Other";"10";"ter_use_type_cultivo_489"
"GROSELLERO ROJO";"Farming/Other";"10";"ter_use_type_cultivo_586"
"GUAYULE";"Farming/Other";"10";"ter_use_type_cultivo_964"
"GYPSOPHILA";"Farming/Other";"10";"ter_use_type_cultivo_666"
"HALIMIUM";"Farming/Other";"10";"ter_use_type_cultivo_756"
"HEBE";"Farming/Other";"10";"ter_use_type_cultivo_757"
"HEDERA";"Farming/Other";"10";"ter_use_type_cultivo_853"
"HEDYCHIUM";"Farming/Other";"10";"ter_use_type_cultivo_758"
"HELICHRYSUM";"Farming/Other";"10";"ter_use_type_cultivo_873"
"HERNIARIA";"Farming/Other";"10";"ter_use_type_cultivo_962"
"HIERBA DE GUINEA";"Farming/Other";"10";"ter_use_type_cultivo_359"
"HIERBA LIMÓN";"Farming/Other";"10";"ter_use_type_cultivo_868"
"HIERBA SALADA";"Farming/Other";"10";"ter_use_type_cultivo_985"
"HIERBABUENA";"Farming/Other";"10";"ter_use_type_cultivo_276"
"HIGUERA CAUCHERA";"Farming/Other";"10";"ter_use_type_cultivo_890"
"HIGUERA DE BAHÍA MORETÓN";"Farming/Other";"10";"ter_use_type_cultivo_892"
"HIGUERA HERRUMBROSA";"Farming/Other";"10";"ter_use_type_cultivo_894"
"HIPÉRICO";"Farming/Other";"10";"ter_use_type_cultivo_275"
"HONGO PULMÓN";"Farming/Other";"10";"ter_use_type_cultivo_598"
"HORTENSIA";"Farming/Other";"10";"ter_use_type_cultivo_759"
"HYACINTHUS";"Farming/Other";"10";"ter_use_type_cultivo_876"
"HÍBRIDOS DE GOSSYPIUM HIRSUTUM Y BARBADENSE";"Farming/Other";"10";"ter_use_type_cultivo_602"
"IMPATIENS";"Farming/Other";"10";"ter_use_type_cultivo_884"
"IRIS";"Farming/Other";"10";"ter_use_type_cultivo_667"
"JABONERA";"Farming/Other";"10";"ter_use_type_cultivo_411"
"JACOBINIA";"Farming/Other";"10";"ter_use_type_cultivo_760"
"JASMINUM";"Farming/Other";"10";"ter_use_type_cultivo_848"
"JAZMIN CHINO";"Farming/Other";"10";"ter_use_type_cultivo_762"
"JAZMIN ESTRELLADO";"Farming/Other";"10";"ter_use_type_cultivo_761"
"JAZMÍN DEL CABO";"Farming/Other";"10";"ter_use_type_cultivo_960"
"JENGIBRE";"Farming/Other";"10";"ter_use_type_cultivo_951"
"JUDÍA DE EGIPTO";"Farming/Other";"10";"ter_use_type_cultivo_470"
"KALANCHOE";"Farming/Other";"10";"ter_use_type_cultivo_763"
"KENTIA";"Farming/Other";"10";"ter_use_type_cultivo_764"
"LABIÉRNAGO";"Farming/Other";"10";"ter_use_type_cultivo_847"
"LANTANA";"Farming/Other";"10";"ter_use_type_cultivo_765"
"LAUREL DE INDIAS";"Farming/Other";"10";"ter_use_type_cultivo_893"
"LEMONGRASS";"Farming/Other";"10";"ter_use_type_cultivo_467"
"LEPTOSPERMUM";"Farming/Other";"10";"ter_use_type_cultivo_766"
"LEVÍSTICO";"Farming/Other";"10";"ter_use_type_cultivo_872"
"LEWISIA";"Farming/Other";"10";"ter_use_type_cultivo_767"
"LIGUSTRUM";"Farming/Other";"10";"ter_use_type_cultivo_845"
"LILIUM";"Farming/Other";"10";"ter_use_type_cultivo_880"
"LILO";"Farming/Other";"10";"ter_use_type_cultivo_846"
"LIMONIASTRUM";"Farming/Other";"10";"ter_use_type_cultivo_768"
"LIRIO ARAÑA";"Farming/Other";"10";"ter_use_type_cultivo_877"
"LIRIO DE LOS VALLES";"Farming/Other";"10";"ter_use_type_cultivo_885"
"LIRIO DE PASCUA";"Farming/Other";"10";"ter_use_type_cultivo_668"
"LLANTÉN";"Farming/Other";"10";"ter_use_type_cultivo_315"
"LLANTÉN MENOR";"Farming/Other";"10";"ter_use_type_cultivo_541"
"LOBELIA";"Farming/Other";"10";"ter_use_type_cultivo_770"
"LOBULARIA";"Farming/Other";"10";"ter_use_type_cultivo_771"
"LUPULINA";"Farming/Other";"10";"ter_use_type_cultivo_530"
"MAGNOLIA";"Farming/Other";"10";"ter_use_type_cultivo_772"
"MALVA COMÚN";"Farming/Other";"10";"ter_use_type_cultivo_412"
"MALVAVISCO";"Farming/Other";"10";"ter_use_type_cultivo_316"
"MANZANILLA AMARGA";"Farming/Other";"10";"ter_use_type_cultivo_317"
"MANZANILLA DULCE";"Farming/Other";"10";"ter_use_type_cultivo_318"
"MARALFALFA";"Farming/Other";"10";"ter_use_type_cultivo_458"
"MEDICAGO TRUNCATULA";"Farming/Other";"10";"ter_use_type_cultivo_536"
"METROSIDEROS";"Farming/Other";"10";"ter_use_type_cultivo_821"
"MEZCLA CEREAL-RAYGRASS";"Farming/Other";"10";"ter_use_type_cultivo_447"
"MEZCLA RAYGRASS";"Farming/Other";"10";"ter_use_type_cultivo_959"
"MILENRAMA";"Farming/Other";"10";"ter_use_type_cultivo_319"
"MIRTO";"Farming/Other";"10";"ter_use_type_cultivo_897"
"MOCO DE PAVO";"Farming/Other";"10";"ter_use_type_cultivo_654"
"MOSTAZA";"Farming/Other";"10";"ter_use_type_cultivo_332"
"MOSTAZA CHINA";"Farming/Other";"10";"ter_use_type_cultivo_902"
"MOSTAZA ETÍOPE";"Farming/Other";"10";"ter_use_type_cultivo_901"
"MOSTAZA NEGRA";"Farming/Other";"10";"ter_use_type_cultivo_580"
"MOSTAZA SILVESTRE";"Farming/Other";"10";"ter_use_type_cultivo_623"
"MUEHLENBECKIA";"Farming/Other";"10";"ter_use_type_cultivo_775"
"MUSA";"Farming/Other";"10";"ter_use_type_cultivo_776"
"MYRSINE";"Farming/Other";"10";"ter_use_type_cultivo_773"
"MYRTUS";"Farming/Other";"10";"ter_use_type_cultivo_774"
"NARCISSUS";"Farming/Other";"10";"ter_use_type_cultivo_879"
"NEPHROLEPIS";"Farming/Other";"10";"ter_use_type_cultivo_777"
"NERIUM";"Farming/Other";"10";"ter_use_type_cultivo_779"
"OJO DE BUEY";"Farming/Other";"10";"ter_use_type_cultivo_462"
"OPERCULINA";"Farming/Other";"10";"ter_use_type_cultivo_781"
"ORÉGANO";"Farming/Other";"10";"ter_use_type_cultivo_267"
"OZOTHAMNUS";"Farming/Other";"10";"ter_use_type_cultivo_782"
"PACHIRA";"Farming/Other";"10";"ter_use_type_cultivo_783"
"PALMA DE VIAJERO";"Farming/Other";"10";"ter_use_type_cultivo_803"
"PANIZO";"Farming/Other";"10";"ter_use_type_cultivo_395"
"PAPIRO EGIPCIO";"Farming/Other";"10";"ter_use_type_cultivo_784"
"PARTHENOCISSUS";"Farming/Other";"10";"ter_use_type_cultivo_863"
"PASSIFLORA";"Farming/Other";"10";"ter_use_type_cultivo_785"
"PATA DE ELEFANTE";"Farming/Other";"10";"ter_use_type_cultivo_780"
"PELARGONIUM";"Farming/Other";"10";"ter_use_type_cultivo_786"
"PEROVSKIA";"Farming/Other";"10";"ter_use_type_cultivo_787"
"PETUNIA";"Farming/Other";"10";"ter_use_type_cultivo_788"
"PHACELIA";"Farming/Other";"10";"ter_use_type_cultivo_588"
"PHILODENDRON";"Farming/Other";"10";"ter_use_type_cultivo_789"
"PHORMIUM";"Farming/Other";"10";"ter_use_type_cultivo_797"
"PIERIS";"Farming/Other";"10";"ter_use_type_cultivo_790"
"PIMELEA";"Farming/Other";"10";"ter_use_type_cultivo_791"
"PLUMBAGO";"Farming/Other";"10";"ter_use_type_cultivo_793"
"PLUMERIA";"Farming/Other";"10";"ter_use_type_cultivo_794"
"POA";"Farming/Other";"10";"ter_use_type_cultivo_74"
"POA ANNUA";"Farming/Other";"10";"ter_use_type_cultivo_542"
"POA COMÚN";"Farming/Other";"10";"ter_use_type_cultivo_546"
"POA DE LOS BOSQUES";"Farming/Other";"10";"ter_use_type_cultivo_543"
"POA DE LOS PANTANOS";"Farming/Other";"10";"ter_use_type_cultivo_544"
"POA DE LOS PRADOS";"Farming/Other";"10";"ter_use_type_cultivo_545"
"POLEO";"Farming/Other";"10";"ter_use_type_cultivo_320"
"POLÍGALA";"Farming/Other";"10";"ter_use_type_cultivo_795"
"PORTAINJERTOS DE VID";"Farming/Other";"10";"ter_use_type_cultivo_333"
"PORTULACA";"Farming/Other";"10";"ter_use_type_cultivo_796"
"PROTEA";"Farming/Other";"10";"ter_use_type_cultivo_669"
"PRÍMULA";"Farming/Other";"10";"ter_use_type_cultivo_798"
"PULMONARIA";"Farming/Other";"10";"ter_use_type_cultivo_413"
"QUISQUALIS";"Farming/Other";"10";"ter_use_type_cultivo_801"
"RABO DE GATO";"Farming/Other";"10";"ter_use_type_cultivo_591"
"RAYGRASS ANUAL";"Farming/Other";"10";"ter_use_type_cultivo_78"
"RAYGRASS HÍBRIDO";"Farming/Other";"10";"ter_use_type_cultivo_526"
"RAYGRASS ITALIANO";"Farming/Other";"10";"ter_use_type_cultivo_524"
"RAYGRASS PERENNE";"Farming/Other";"10";"ter_use_type_cultivo_69"
"RAYGRASS WESTERNWORLD";"Farming/Other";"10";"ter_use_type_cultivo_525"
"REGALIZ";"Farming/Other";"10";"ter_use_type_cultivo_90"
"REMOLACHA FORRAJERA";"Farming/Other";"10";"ter_use_type_cultivo_589"
"RHAMNUS";"Farming/Other";"10";"ter_use_type_cultivo_852"
"RHAPHIOLEPIS";"Farming/Other";"10";"ter_use_type_cultivo_792"
"RHAPIS";"Farming/Other";"10";"ter_use_type_cultivo_802"
"RHODODENDRON";"Farming/Other";"10";"ter_use_type_cultivo_693"
"ROMPEPIEDRA";"Farming/Other";"10";"ter_use_type_cultivo_322"
"ROSA";"Farming/Other";"10";"ter_use_type_cultivo_660"
"RUDA";"Farming/Other";"10";"ter_use_type_cultivo_871"
"RUSSELIA";"Farming/Other";"10";"ter_use_type_cultivo_804"
"SALICORNIA";"Farming/Other";"10";"ter_use_type_cultivo_930"
"SALSIFÍ";"Farming/Other";"10";"ter_use_type_cultivo_477"
"SANSEVIERIA";"Farming/Other";"10";"ter_use_type_cultivo_805"
"SARCOPOTERIUM";"Farming/Other";"10";"ter_use_type_cultivo_806"
"SCHEFFLERA";"Farming/Other";"10";"ter_use_type_cultivo_807"
"SERRADELLA AMARILLA";"Farming/Other";"10";"ter_use_type_cultivo_537"
"SETA DE OSTRA";"Farming/Other";"10";"ter_use_type_cultivo_597"
"SETA DE PIE AZUL";"Farming/Other";"10";"ter_use_type_cultivo_595"
"SHIITAKE";"Farming/Other";"10";"ter_use_type_cultivo_594"
"SIDA FALLAX";"Farming/Other";"10";"ter_use_type_cultivo_799"
"SIEMPREVIVA AZUL";"Farming/Other";"10";"ter_use_type_cultivo_672"
"SILPHIUM";"Farming/Other";"10";"ter_use_type_cultivo_341"
"SOLIDAGO";"Farming/Other";"10";"ter_use_type_cultivo_671"
"SOLIDASTER";"Farming/Other";"10";"ter_use_type_cultivo_670"
"SPATHIPHYLLUM";"Farming/Other";"10";"ter_use_type_cultivo_808"
"STEPHANOTIS";"Farming/Other";"10";"ter_use_type_cultivo_809"
"STIPA";"Farming/Other";"10";"ter_use_type_cultivo_810"
"SYNGONIUM";"Farming/Other";"10";"ter_use_type_cultivo_811"
"SÉSAMO";"Farming/Other";"10";"ter_use_type_cultivo_399"
"TAGETES";"Farming/Other";"10";"ter_use_type_cultivo_886"
"TAMARIX";"Farming/Other";"10";"ter_use_type_cultivo_851"
"TEUCRIUM";"Farming/Other";"10";"ter_use_type_cultivo_812"
"THUJA";"Farming/Other";"10";"ter_use_type_cultivo_813"
"TRACHELOSPERMUM";"Farming/Other";"10";"ter_use_type_cultivo_814"
"TRANQUILLÓN";"Farming/Other";"10";"ter_use_type_cultivo_12"
"TRAVALERA";"Farming/Other";"10";"ter_use_type_cultivo_323"
"TRISETUM FLAVESCENS";"Farming/Other";"10";"ter_use_type_cultivo_510"
"TRÉBOL BALANSA";"Farming/Other";"10";"ter_use_type_cultivo_554"
"TRÉBOL BLANCO";"Farming/Other";"10";"ter_use_type_cultivo_556"
"TRÉBOL DE ALEJANDRÍA";"Farming/Other";"10";"ter_use_type_cultivo_547"
"TRÉBOL DE FRUTO ANGOSTO";"Farming/Other";"10";"ter_use_type_cultivo_553"
"TRÉBOL ENCARNADO";"Farming/Other";"10";"ter_use_type_cultivo_552"
"TRÉBOL FRESERO";"Farming/Other";"10";"ter_use_type_cultivo_548"
"TRÉBOL GLANDULAR";"Farming/Other";"10";"ter_use_type_cultivo_549"
"TRÉBOL GLOMERADO";"Farming/Other";"10";"ter_use_type_cultivo_575"
"TRÉBOL HÍBRIDO";"Farming/Other";"10";"ter_use_type_cultivo_551"
"TRÉBOL PERSA";"Farming/Other";"10";"ter_use_type_cultivo_557"
"TRÉBOL SQUARROSO";"Farming/Other";"10";"ter_use_type_cultivo_558"
"TRÉBOL SUBTERRANEO";"Farming/Other";"10";"ter_use_type_cultivo_559"
"TRÉBOL VELLOSO";"Farming/Other";"10";"ter_use_type_cultivo_550"
"TRÉBOL VESICULOSO";"Farming/Other";"10";"ter_use_type_cultivo_560"
"TRÉBOL VIOLETA";"Farming/Other";"10";"ter_use_type_cultivo_555"
"TRÉBOL ÁSPERO";"Farming/Other";"10";"ter_use_type_cultivo_592"
"TULBAGHIA";"Farming/Other";"10";"ter_use_type_cultivo_815"
"TULIPA";"Farming/Other";"10";"ter_use_type_cultivo_878"
"TÁRTAGO";"Farming/Other";"10";"ter_use_type_cultivo_415"
"VALERIANA";"Farming/Other";"10";"ter_use_type_cultivo_256"
"VARA DE ORO";"Farming/Other";"10";"ter_use_type_cultivo_324"
"VARA DE ORO EUROPEA";"Farming/Other";"10";"ter_use_type_cultivo_986"
"VERBENA";"Farming/Other";"10";"ter_use_type_cultivo_277"
"VIBURNUM";"Farming/Other";"10";"ter_use_type_cultivo_818"
"VINCA";"Farming/Other";"10";"ter_use_type_cultivo_816"
"VIOLA";"Farming/Other";"10";"ter_use_type_cultivo_881"
"VITEX";"Farming/Other";"10";"ter_use_type_cultivo_817"
"WESTRINGIA";"Farming/Other";"10";"ter_use_type_cultivo_819"
"YUCA";"Farming/Other";"10";"ter_use_type_cultivo_388"
"YUCCA";"Farming/Other";"10";"ter_use_type_cultivo_820"
"ÁRBOL DEL PARAÍSO";"Farming/Other";"10";"ter_use_type_cultivo_844"
"ÍNDIGO CHINO";"Farming/Other";"10";"ter_use_type_cultivo_493"
"Palm/Date";"Farming/Palm";"10";"ter_use_type_familia_palm_date"
"PASTO DEL SUDÁN";"Farming/Pastures and Grasslands";"10";"ter_use_type_cultivo_328"
"PASTOS DE MENOS DE 5 AÑOS";"Farming/Pastures and Grasslands";"10";"ter_use_type_cultivo_63"
"PASTOS PERMANENTES DE 5 O MÁS AÑOS";"Farming/Pastures and Grasslands";"10";"ter_use_type_cultivo_62"
"REMOLACHA";"Farming/Sugar crops";"10";"ter_use_type_cultivo_82"
"REMOLACHA AZUCARERA";"Farming/Sugar crops";"10";"ter_use_type_cultivo_590"
"BONIATO";"Farming/Tubers and Roots";"10";"ter_use_type_cultivo_121"
"CHIRIVÍA";"Farming/Tubers and Roots";"10";"ter_use_type_cultivo_171"
"COLINABO";"Farming/Tubers and Roots";"10";"ter_use_type_cultivo_478"
"NABO";"Farming/Tubers and Roots";"10";"ter_use_type_cultivo_179"
"NABO SILVESTRE";"Farming/Tubers and Roots";"10";"ter_use_type_cultivo_503"
"PATATA";"Farming/Tubers and Roots";"10";"ter_use_type_cultivo_99"
"REMOLACHA DE MESA";"Farming/Tubers and Roots";"10";"ter_use_type_cultivo_327"
"ZANAHORIA";"Farming/Tubers and Roots";"10";"ter_use_type_cultivo_178"
"BARBECHO DE BIODIVERSIDAD (INCLUYE MELÍFERAS)";"Farming/Unproductive";"10";"ter_use_type_cultivo_334"
"BARBECHO MEDIOAMBIENTAL";"Farming/Unproductive";"10";"ter_use_type_cultivo_23"
"BARBECHO TRADICIONAL";"Farming/Unproductive";"10";"ter_use_type_cultivo_20"
"ACEDERA";"Farming/Vegetables";"10";"ter_use_type_cultivo_418"
"ACELGA";"Farming/Vegetables";"10";"ter_use_type_cultivo_166"
"ACELGA BRAVA";"Farming/Vegetables";"10";"ter_use_type_cultivo_614"
"ACHICORIA";"Farming/Vegetables";"10";"ter_use_type_cultivo_181"
"ACHICORIA DE CAFÉ";"Farming/Vegetables";"10";"ter_use_type_cultivo_507"
"AJO";"Farming/Vegetables";"10";"ter_use_type_cultivo_169"
"AJO PUERRO";"Farming/Vegetables";"10";"ter_use_type_cultivo_961"
"AJOWAN";"Farming/Vegetables";"10";"ter_use_type_cultivo_405"
"ALBAHACA";"Farming/Vegetables";"10";"ter_use_type_cultivo_264"
"ALCACHOFA";"Farming/Vegetables";"10";"ter_use_type_cultivo_164"
"ALCACHOFA CHINA";"Farming/Vegetables";"10";"ter_use_type_cultivo_424"
"ALFICOZ";"Farming/Vegetables";"10";"ter_use_type_cultivo_925"
"APIO";"Farming/Vegetables";"10";"ter_use_type_cultivo_158"
"APIO-RÁBANO";"Farming/Vegetables";"10";"ter_use_type_cultivo_497"
"AZAFRÁN";"Farming/Vegetables";"10";"ter_use_type_cultivo_262"
"BATATA";"Farming/Vegetables";"10";"ter_use_type_cultivo_926"
"BATATA ACUÁTICA";"Farming/Vegetables";"10";"ter_use_type_cultivo_465"
"BERENJENA";"Farming/Vegetables";"10";"ter_use_type_cultivo_162"
"BERENJENA CIMARRONA";"Farming/Vegetables";"10";"ter_use_type_cultivo_568"
"BERENJENA ETÍOPE";"Farming/Vegetables";"10";"ter_use_type_cultivo_563"
"BERRO DE AGUA";"Farming/Vegetables";"10";"ter_use_type_cultivo_191"
"BERRO HORTELANO";"Farming/Vegetables";"10";"ter_use_type_cultivo_419"
"BERZA";"Farming/Vegetables";"10";"ter_use_type_cultivo_175"
"BORRAJA";"Farming/Vegetables";"10";"ter_use_type_cultivo_187"
"BROCCOLINI";"Farming/Vegetables";"10";"ter_use_type_cultivo_498"
"BRÓCOLI";"Farming/Vegetables";"10";"ter_use_type_cultivo_154"
"BRÓCOLI CHINO";"Farming/Vegetables";"10";"ter_use_type_cultivo_464"
"CALABACÍN";"Farming/Vegetables";"10";"ter_use_type_cultivo_163"
"CALABAZA";"Farming/Vegetables";"10";"ter_use_type_cultivo_185"
"CALABAZA AMARGA";"Farming/Vegetables";"10";"ter_use_type_cultivo_471"
"CALABAZA CHINA";"Farming/Vegetables";"10";"ter_use_type_cultivo_473"
"CALABAZA DE CABELLO DE ÁNGEL";"Farming/Vegetables";"10";"ter_use_type_cultivo_583"
"CALABAZA DEL PEREGRINO";"Farming/Vegetables";"10";"ter_use_type_cultivo_186"
"CALABAZA MOSCADA";"Farming/Vegetables";"10";"ter_use_type_cultivo_502"
"CALABAZA SERPIENTE";"Farming/Vegetables";"10";"ter_use_type_cultivo_963"
"CANÓNIGO";"Farming/Vegetables";"10";"ter_use_type_cultivo_417"
"CARDO";"Farming/Vegetables";"10";"ter_use_type_cultivo_184"
"CARDO DE FULLER";"Farming/Vegetables";"10";"ter_use_type_cultivo_414"
"CEBOLLA";"Farming/Vegetables";"10";"ter_use_type_cultivo_157"
"CEBOLLETA";"Farming/Vegetables";"10";"ter_use_type_cultivo_167"
"CEBOLLINO";"Farming/Vegetables";"10";"ter_use_type_cultivo_401"
"CEBOLLINO CHINO";"Farming/Vegetables";"10";"ter_use_type_cultivo_466"
"CHALOTA";"Farming/Vegetables";"10";"ter_use_type_cultivo_168"
"CHAYOTE";"Farming/Vegetables";"10";"ter_use_type_cultivo_869"
"CHOISUM";"Farming/Vegetables";"10";"ter_use_type_cultivo_463"
"CILANTRO";"Farming/Vegetables";"10";"ter_use_type_cultivo_252"
"COL CHINA";"Farming/Vegetables";"10";"ter_use_type_cultivo_304"
"COL CRESPA";"Farming/Vegetables";"10";"ter_use_type_cultivo_445"
"COL DE BRUSELAS";"Farming/Vegetables";"10";"ter_use_type_cultivo_176"
"COL DE JERSEY";"Farming/Vegetables";"10";"ter_use_type_cultivo_581"
"COL MILÁN O SAVOY";"Farming/Vegetables";"10";"ter_use_type_cultivo_174"
"COL PICUDA";"Farming/Vegetables";"10";"ter_use_type_cultivo_952"
"COL ROJA O LOMBARDA";"Farming/Vegetables";"10";"ter_use_type_cultivo_173"
"COL TRONCHUDA";"Farming/Vegetables";"10";"ter_use_type_cultivo_509"
"COLIFLOR";"Farming/Vegetables";"10";"ter_use_type_cultivo_160"
"COLIRRÁBANO";"Farming/Vegetables";"10";"ter_use_type_cultivo_159"
"COLLEJA";"Farming/Vegetables";"10";"ter_use_type_cultivo_429"
"COMINO";"Farming/Vegetables";"10";"ter_use_type_cultivo_273"
"ENDIVIA";"Farming/Vegetables";"10";"ter_use_type_cultivo_177"
"ENELDO";"Farming/Vegetables";"10";"ter_use_type_cultivo_254"
"ESCAROLA";"Farming/Vegetables";"10";"ter_use_type_cultivo_189"
"ESPINACA";"Farming/Vegetables";"10";"ter_use_type_cultivo_183"
"ESPINACA DE MALABAR";"Farming/Vegetables";"10";"ter_use_type_cultivo_468"
"ESPONJA VEGETAL";"Farming/Vegetables";"10";"ter_use_type_cultivo_987"
"ESTEVIA";"Farming/Vegetables";"10";"ter_use_type_cultivo_274"
"FRESA";"Farming/Vegetables";"10";"ter_use_type_cultivo_219"
"FRESÓN";"Farming/Vegetables";"10";"ter_use_type_cultivo_938"
"FROMENTAL";"Farming/Vegetables";"10";"ter_use_type_cultivo_577"
"GALANGA MENOR";"Farming/Vegetables";"10";"ter_use_type_cultivo_425"
"GRELOS";"Farming/Vegetables";"10";"ter_use_type_cultivo_484"
"GUINDILLA";"Farming/Vegetables";"10";"ter_use_type_cultivo_182"
"HINOJO";"Farming/Vegetables";"10";"ter_use_type_cultivo_260"
"HUERTA";"Farming/Vegetables";"10";"ter_use_type_cultivo_193"
"HÍBRIDOS DE CUCUMIS MELO";"Farming/Vegetables";"10";"ter_use_type_cultivo_582"
"HÍBRIDOS DE FRAGARIA IINUMAE Y VESCA";"Farming/Vegetables";"10";"ter_use_type_cultivo_612"
"HÍBRIDOS DE SOLANUM LYCOPERSICUM Y CHESMANIAE";"Farming/Vegetables";"10";"ter_use_type_cultivo_564"
"HÍBRIDOS DE SOLANUM LYCOPERSICUM Y HABROCHAITES";"Farming/Vegetables";"10";"ter_use_type_cultivo_567"
"HÍBRIDOS DE SOLANUM LYCOPERSICUM Y PERUVIANUM";"Farming/Vegetables";"10";"ter_use_type_cultivo_565"
"HÍBRIDOS DE SOLANUM LYCOPERSICUM Y PIMPINELLIFOILUM";"Farming/Vegetables";"10";"ter_use_type_cultivo_566"
"HÍBRIDOS DE SOLANUM MELONGENA Y AETHIOPICUM";"Farming/Vegetables";"10";"ter_use_type_cultivo_570"
"HÍBRIDOS DE SOLANUM MELONGENA Y TORVUM";"Farming/Vegetables";"10";"ter_use_type_cultivo_569"
"JUDÍA ESPÁRRAGO";"Farming/Vegetables";"10";"ter_use_type_cultivo_626"
"KALE";"Farming/Vegetables";"10";"ter_use_type_cultivo_916"
"KIWANO";"Farming/Vegetables";"10";"ter_use_type_cultivo_422"
"LECHUGA";"Farming/Vegetables";"10";"ter_use_type_cultivo_155"
"LUFFA";"Farming/Vegetables";"10";"ter_use_type_cultivo_469"
"MEJORANA";"Farming/Vegetables";"10";"ter_use_type_cultivo_271"
"MELÓN";"Farming/Vegetables";"10";"ter_use_type_cultivo_153"
"MENTA";"Farming/Vegetables";"10";"ter_use_type_cultivo_266"
"OKRA";"Farming/Vegetables";"10";"ter_use_type_cultivo_927"
"PATACA";"Farming/Vegetables";"10";"ter_use_type_cultivo_416"
"PEPINO";"Farming/Vegetables";"10";"ter_use_type_cultivo_165"
"PEPINO CULEBRA";"Farming/Vegetables";"10";"ter_use_type_cultivo_472"
"PEREJIL";"Farming/Vegetables";"10";"ter_use_type_cultivo_261"
"PEREJIL TUBEROSO";"Farming/Vegetables";"10";"ter_use_type_cultivo_426"
"PERIFOLLO";"Farming/Vegetables";"10";"ter_use_type_cultivo_269"
"PHYSALIS";"Farming/Vegetables";"10";"ter_use_type_cultivo_928"
"PIMIENTO";"Farming/Vegetables";"10";"ter_use_type_cultivo_152"
"PLANTAS ORNAMENTALES";"Farming/Vegetables";"10";"ter_use_type_cultivo_932"
"PORTAINJERTOS DE CALABAZA";"Farming/Vegetables";"10";"ter_use_type_cultivo_505"
"PUERRO";"Farming/Vegetables";"10";"ter_use_type_cultivo_151"
"RABANITO";"Farming/Vegetables";"10";"ter_use_type_cultivo_584"
"REPOLLO";"Farming/Vegetables";"10";"ter_use_type_cultivo_172"
"ROMANESCU";"Farming/Vegetables";"10";"ter_use_type_cultivo_92"
"RUIBARBO";"Farming/Vegetables";"10";"ter_use_type_cultivo_420"
"RÁBANO";"Farming/Vegetables";"10";"ter_use_type_cultivo_190"
"RÁBANO NEGRO";"Farming/Vegetables";"10";"ter_use_type_cultivo_321"
"RÁBANO OLEÍFERO";"Farming/Vegetables";"10";"ter_use_type_cultivo_508"
"RÁBANO PICANTE";"Farming/Vegetables";"10";"ter_use_type_cultivo_427"
"RÁBANO SILVESTRE";"Farming/Vegetables";"10";"ter_use_type_cultivo_475"
"RÚCULA";"Farming/Vegetables";"10";"ter_use_type_cultivo_929"
"SANDÍA";"Farming/Vegetables";"10";"ter_use_type_cultivo_156"
"SETA DE CARDO";"Farming/Vegetables";"10";"ter_use_type_cultivo_596"
"TOMATE";"Farming/Vegetables";"10";"ter_use_type_cultivo_197"
"TOMATE CIMARRÓN";"Farming/Vegetables";"10";"ter_use_type_cultivo_572"
"TOMATE DE GALÁPAGOS";"Farming/Vegetables";"10";"ter_use_type_cultivo_571"
"TOMATE PELUDO";"Farming/Vegetables";"10";"ter_use_type_cultivo_573"
"TOMATE SILVESTRE";"Farming/Vegetables";"10";"ter_use_type_cultivo_574"
"TOMATILLO";"Farming/Vegetables";"10";"ter_use_type_cultivo_423"
"VERDOLAGA";"Farming/Vegetables";"10";"ter_use_type_cultivo_421"
"ÑAME";"Farming/Vegetables";"10";"ter_use_type_cultivo_933"
"ABEDUL";"Farming/Woody others";"10";"ter_use_type_cultivo_360"
"ABETO";"Farming/Woody others";"10";"ter_use_type_cultivo_296"
"ABETO DE DOUGLAS";"Farming/Woody others";"10";"ter_use_type_cultivo_361"
"ACACIA";"Farming/Woody others";"10";"ter_use_type_cultivo_228"
"ACACIA DE TRES ESPINAS";"Farming/Woody others";"10";"ter_use_type_cultivo_231"
"ACACIA DEL JAPÓN";"Farming/Woody others";"10";"ter_use_type_cultivo_825"
"ACEBO";"Farming/Woody others";"10";"ter_use_type_cultivo_362"
"ACEBUCHE";"Farming/Woody others";"10";"ter_use_type_cultivo_363"
"ACEROLO";"Farming/Woody others";"10";"ter_use_type_cultivo_436"
"AESCULUS";"Farming/Woody others";"10";"ter_use_type_cultivo_829"
"AILANTO";"Farming/Woody others";"10";"ter_use_type_cultivo_229"
"ALANTICO o LANTISCO";"Farming/Woody others";"10";"ter_use_type_cultivo_365"
"ALCORNOQUE";"Farming/Woody others";"10";"ter_use_type_cultivo_295"
"ALERCE";"Farming/Woody others";"10";"ter_use_type_cultivo_366"
"ALERCE AFRICANO";"Farming/Woody others";"10";"ter_use_type_cultivo_627"
"ALERCE DE DUNKLED";"Farming/Woody others";"10";"ter_use_type_cultivo_630"
"ALERCE DEL JAPÓN";"Farming/Woody others";"10";"ter_use_type_cultivo_629"
"ALERCE EUROPEO";"Farming/Woody others";"10";"ter_use_type_cultivo_628"
"ALISO";"Farming/Woody others";"10";"ter_use_type_cultivo_367"
"ALMEZ";"Farming/Woody others";"10";"ter_use_type_cultivo_369"
"ALMÁCIGO DE CANARIAS";"Farming/Woody others";"10";"ter_use_type_cultivo_368"
"ARCE";"Farming/Woody others";"10";"ter_use_type_cultivo_370"
"ARCE BLANCO";"Farming/Woody others";"10";"ter_use_type_cultivo_631"
"ARCE COMÚN";"Farming/Woody others";"10";"ter_use_type_cultivo_633"
"ARCE REAL";"Farming/Woody others";"10";"ter_use_type_cultivo_632"
"AVELLANO";"Farming/Woody others";"10";"ter_use_type_cultivo_123"
"BRAQUIQUITO";"Farming/Woody others";"10";"ter_use_type_cultivo_832"
"CARPE";"Farming/Woody others";"10";"ter_use_type_cultivo_371"
"CASTAÑO";"Farming/Woody others";"10";"ter_use_type_cultivo_117"
"CATALPA COMÚN";"Farming/Woody others";"10";"ter_use_type_cultivo_835"
"CEDRO";"Farming/Woody others";"10";"ter_use_type_cultivo_372"
"CEDRO DEL ATLAS";"Farming/Woody others";"10";"ter_use_type_cultivo_643"
"CEDRO DEL LÍBANO";"Farming/Woody others";"10";"ter_use_type_cultivo_644"
"CEREZO DE MAHOMA";"Farming/Woody others";"10";"ter_use_type_cultivo_391"
"CHAENOMELES";"Farming/Woody others";"10";"ter_use_type_cultivo_838"
"CHAPARRO";"Farming/Woody others";"10";"ter_use_type_cultivo_373"
"CHOPO";"Farming/Woody others";"10";"ter_use_type_cultivo_116"
"CIPRÉS";"Farming/Woody others";"10";"ter_use_type_cultivo_375"
"CIPRÉS COMÚN";"Farming/Woody others";"10";"ter_use_type_cultivo_645"
"CIPRÉS DE ARIZONA";"Farming/Woody others";"10";"ter_use_type_cultivo_646"
"CORNICABRA";"Farming/Woody others";"10";"ter_use_type_cultivo_854"
"ENCINA";"Farming/Woody others";"10";"ter_use_type_cultivo_147"
"ENEBRO";"Farming/Woody others";"10";"ter_use_type_cultivo_297"
"EPHEDRA";"Farming/Woody others";"10";"ter_use_type_cultivo_823"
"ESPINO AMARILLO";"Farming/Woody others";"10";"ter_use_type_cultivo_439"
"EUCALIPTO";"Farming/Woody others";"10";"ter_use_type_cultivo_225"
"EUCALIPTO BRILLANTE";"Farming/Woody others";"10";"ter_use_type_cultivo_616"
"EUCALIPTO COMÚN";"Farming/Woody others";"10";"ter_use_type_cultivo_615"
"FALSA ACACIA";"Farming/Woody others";"10";"ter_use_type_cultivo_983"
"FALSO PIMENTERO";"Farming/Woody others";"10";"ter_use_type_cultivo_856"
"FITOLACA";"Farming/Woody others";"10";"ter_use_type_cultivo_233"
"FRESNO";"Farming/Woody others";"10";"ter_use_type_cultivo_376"
"FRESNO COMÚN";"Farming/Woody others";"10";"ter_use_type_cultivo_648"
"FRESNO DE HOJA ESTRECHA";"Farming/Woody others";"10";"ter_use_type_cultivo_647"
"GINKGO";"Farming/Woody others";"10";"ter_use_type_cultivo_831"
"GREVILLEA";"Farming/Woody others";"10";"ter_use_type_cultivo_834"
"HAYA";"Farming/Woody others";"10";"ter_use_type_cultivo_294"
"HIBISCUS";"Farming/Woody others";"10";"ter_use_type_cultivo_860"
"HUAXYACAC";"Farming/Woody others";"10";"ter_use_type_cultivo_224"
"JACARANDA";"Farming/Woody others";"10";"ter_use_type_cultivo_232"
"JACARANDÁ AZUL";"Farming/Woody others";"10";"ter_use_type_cultivo_984"
"LAUREL";"Farming/Woody others";"10";"ter_use_type_cultivo_830"
"MADROÑO";"Farming/Woody others";"10";"ter_use_type_cultivo_377"
"MADROÑO CANARIO";"Farming/Woody others";"10";"ter_use_type_cultivo_642"
"MEZCLA DE FORESTALES";"Farming/Woody others";"10";"ter_use_type_cultivo_358"
"MIMBRERA";"Farming/Woody others";"10";"ter_use_type_cultivo_442"
"NOGAL";"Farming/Woody others";"10";"ter_use_type_cultivo_112"
"NOGAL PECANO";"Farming/Woody others";"10";"ter_use_type_cultivo_501"
"OLMO";"Farming/Woody others";"10";"ter_use_type_cultivo_378"
"OLMO COMÚN";"Farming/Woody others";"10";"ter_use_type_cultivo_624"
"OLMO DE MONTAÑA";"Farming/Woody others";"10";"ter_use_type_cultivo_625"
"OMBÚ";"Farming/Woody others";"10";"ter_use_type_cultivo_837"
"OSTRIA";"Farming/Woody others";"10";"ter_use_type_cultivo_827"
"PALMA CANARIA";"Farming/Woody others";"10";"ter_use_type_cultivo_379"
"PAULONIA";"Farming/Woody others";"10";"ter_use_type_cultivo_200"
"PERAL DE HOJAS DE SAUCE";"Farming/Woody others";"10";"ter_use_type_cultivo_981"
"PICEA";"Farming/Woody others";"10";"ter_use_type_cultivo_380"
"PINO";"Farming/Woody others";"10";"ter_use_type_cultivo_389"
"PINO CANARIO";"Farming/Woody others";"10";"ter_use_type_cultivo_635"
"PINO CARRASCO";"Farming/Woody others";"10";"ter_use_type_cultivo_636"
"PINO INSIGNE";"Farming/Woody others";"10";"ter_use_type_cultivo_637"
"PINO MARÍTIMO";"Farming/Woody others";"10";"ter_use_type_cultivo_640"
"PINO NEGRAL";"Farming/Woody others";"10";"ter_use_type_cultivo_638"
"PINO NEGRO";"Farming/Woody others";"10";"ter_use_type_cultivo_639"
"PINO PIÑONERO";"Farming/Woody others";"10";"ter_use_type_cultivo_634"
"PINO SILVESTRE";"Farming/Woody others";"10";"ter_use_type_cultivo_641"
"PINSAPO";"Farming/Woody others";"10";"ter_use_type_cultivo_301"
"PLATANUS";"Farming/Woody others";"10";"ter_use_type_cultivo_828"
"PYRACANTHA";"Farming/Woody others";"10";"ter_use_type_cultivo_839"
"QUEJIGO";"Farming/Woody others";"10";"ter_use_type_cultivo_381"
"REBOLLO";"Farming/Woody others";"10";"ter_use_type_cultivo_382"
"RETAMA";"Farming/Woody others";"10";"ter_use_type_cultivo_383"
"ROBINIA";"Farming/Woody others";"10";"ter_use_type_cultivo_230"
"ROBLE";"Farming/Woody others";"10";"ter_use_type_cultivo_293"
"ROBLE ALBAR";"Farming/Woody others";"10";"ter_use_type_cultivo_618"
"ROBLE AMERICANO";"Farming/Woody others";"10";"ter_use_type_cultivo_620"
"ROBLE PUBESCENTE";"Farming/Woody others";"10";"ter_use_type_cultivo_619"
"SABINA";"Farming/Woody others";"10";"ter_use_type_cultivo_300"
"SABINA ALBAR";"Farming/Woody others";"10";"ter_use_type_cultivo_657"
"SABINA NEGRA";"Farming/Woody others";"10";"ter_use_type_cultivo_656"
"SABINA RASTRERA";"Farming/Woody others";"10";"ter_use_type_cultivo_658"
"SAUCE";"Farming/Woody others";"10";"ter_use_type_cultivo_227"
"SAUCO";"Farming/Woody others";"10";"ter_use_type_cultivo_438"
"SERBAL";"Farming/Woody others";"10";"ter_use_type_cultivo_384"
"SERBAL BLANCO";"Farming/Woody others";"10";"ter_use_type_cultivo_649"
"SERBAL COMÚN";"Farming/Woody others";"10";"ter_use_type_cultivo_651"
"SERBAL DE LOS CAZADORES";"Farming/Woody others";"10";"ter_use_type_cultivo_650"
"SETA DE CHOPO";"Farming/Woody others";"10";"ter_use_type_cultivo_593"
"TALAYA";"Farming/Woody others";"10";"ter_use_type_cultivo_385"
"TEJO";"Farming/Woody others";"10";"ter_use_type_cultivo_386"
"TILO";"Farming/Woody others";"10";"ter_use_type_cultivo_387"
"TIPUANA";"Farming/Woody others";"10";"ter_use_type_cultivo_826"
"TRUFA";"Farming/Woody others";"10";"ter_use_type_cultivo_280"
"TRUFA DEL DESIERTO";"Farming/Woody others";"10";"ter_use_type_cultivo_617"
"TSUGA";"Farming/Woody others";"10";"ter_use_type_cultivo_822"
"ÁLAMO";"Farming/Woody others";"10";"ter_use_type_cultivo_364"
"ÁLAMO BLANCO";"Farming/Woody others";"10";"ter_use_type_cultivo_621"
"ÁLAMO TEMBLÓN";"Farming/Woody others";"10";"ter_use_type_cultivo_622"
"ÁRBOL DE LA LLAMA";"Farming/Woody others";"10";"ter_use_type_cultivo_833"
"ÁRBOL DE LAS PELUCAS";"Farming/Woody others";"10";"ter_use_type_cultivo_855"
"ÁRBOL DEL AMOR";"Farming/Woody others";"10";"ter_use_type_cultivo_824"
"ÁRBOL PICA-PICA";"Farming/Woody others";"10";"ter_use_type_cultivo_836"
"CAVIAR CÍTRICO/ FINGER LIME";"Farming/Fruit trees (non-citrus)/CAVIAR CÍTRICO";"10";"ter_use_type_cultivo_914"
