"name";"parent_path";"sequence"
"Farming";"";"10"
"Industrial";"";"10"
"Livestock";"";"10"
"Recreational";"";"10"
"Urban";"";"10"
"Water reservoir";"";"10"
"Berries";"Farming";"10"
"Cereals";"Farming";"10"
"Citrus";"Farming";"10"
"Forage and Fodder";"Farming";"10"
"Fruit trees (non-citrus)";"Farming";"10"
"Grapevine";"Farming";"10"
"Greenhouse";"Farming";"10"
"Industrial crops";"Farming";"10"
"Legumes (grain)";"Farming";"10"
"Mushrooms";"Farming";"10"
"Oilseeds and Industrial";"Farming";"10"
"Orchards and Nuts";"Farming";"10"
"Ornamentals and Flowers";"Farming";"10"
"Other";"Farming";"10"
"Pastures and Grasslands";"Farming";"10"
"Sugar crops";"Farming";"10"
"Tubers and Roots";"Farming";"10"
"Unproductive";"Farming";"10"
"Vegetables";"Farming";"10"
"Woody others";"Farming";"10"
"FRAMBUESA";"Farming/Berries";"10"
"FRUTOS DEL BOSQUE";"Farming/Berries";"10"
"GROSELLERO";"Farming/Berries";"10"
"GROSELLERO NEGRO";"Farming/Berries";"10"
"ZARZAMORA";"Farming/Berries";"10"
"ALPISTE";"Farming/Cereals";"10"
"ALPISTE BULBOSO";"Farming/Cereals";"10"
"ARROZ";"Farming/Cereals";"10"
"AVENA";"Farming/Cereals";"10"
"AVENA DESNUDA";"Farming/Cereals";"10"
"AVENA NEGRA";"Farming/Cereals";"10"
"CEBADA";"Farming/Cereals";"10"
"CENTENO";"Farming/Cereals";"10"
"ESPELTA";"Farming/Cereals";"10"
"MAÍZ";"Farming/Cereals";"10"
"MAÍZ DULCE";"Farming/Cereals";"10"
"MAÍZ PALOMITERO";"Farming/Cereals";"10"
"MEZCLA AVENA-CEBADA";"Farming/Cereals";"10"
"MEZCLA AVENA-CENTENO";"Farming/Cereals";"10"
"MEZCLA AVENA-MAÍZ";"Farming/Cereals";"10"
"MEZCLA AVENA-TRIGO";"Farming/Cereals";"10"
"MEZCLA AVENA-TRITICALE";"Farming/Cereals";"10"
"MEZCLA CEBADA-TRIGO";"Farming/Cereals";"10"
"MEZCLA CENTENO-MAÍZ";"Farming/Cereals";"10"
"MEZCLA CENTENO-TRIGO";"Farming/Cereals";"10"
"MEZCLA MAÍZ-SORGO";"Farming/Cereals";"10"
"MEZCLA TRITICALE-CEBADA";"Farming/Cereals";"10"
"MIJO";"Farming/Cereals";"10"
"QUINOA";"Farming/Cereals";"10"
"SORGO";"Farming/Cereals";"10"
"TEFF";"Farming/Cereals";"10"
"TRIGO BLANDO";"Farming/Cereals";"10"
"TRIGO DURO";"Farming/Cereals";"10"
"TRIGO KHORASAN";"Farming/Cereals";"10"
"TRITICALE";"Farming/Cereals";"10"
"TRITORDEUM";"Farming/Cereals";"10"
"CLEMENTINA";"Farming/Citrus";"10"
"CLEMENTINA-CAQUI";"Farming/Citrus";"10"
"HÍBRIDOS DE CITRUS MÁXIMA Y RETICULATA";"Farming/Citrus";"10"
"LIMONERO";"Farming/Citrus";"10"
"MANDARINO";"Farming/Citrus";"10"
"MANDARINO HÍBRIDO";"Farming/Citrus";"10"
"NARANJO";"Farming/Citrus";"10"
"NARANJO AMARGO";"Farming/Citrus";"10"
"NARANJO MORUNO";"Farming/Citrus";"10"
"NARANJO-AGUACATE";"Farming/Citrus";"10"
"NARANJO-CAQUI";"Farming/Citrus";"10"
"NARANJO-MANDARINO";"Farming/Citrus";"10"
"POMELO O TORONJA";"Farming/Citrus";"10"
"SATSUMA";"Farming/Citrus";"10"
"SATSUMA-CAQUI";"Farming/Citrus";"10"
"ALFALFA";"Farming/Forage and Fodder";"10"
"ALHOLVA";"Farming/Forage and Fodder";"10"
"ESPARCETA";"Farming/Forage and Fodder";"10"
"MEZCLA ALTRAMUZ-AVENA";"Farming/Forage and Fodder";"10"
"MEZCLA AVENA-CEBADA-VEZA";"Farming/Forage and Fodder";"10"
"MEZCLA AVENA-MAÍZ-VEZA";"Farming/Forage and Fodder";"10"
"MEZCLA AVENA-VEZA";"Farming/Forage and Fodder";"10"
"MEZCLA AVENA-YEROS";"Farming/Forage and Fodder";"10"
"MEZCLA AVENA-ZULLA";"Farming/Forage and Fodder";"10"
"MEZCLA CEBADA-MAÍZ-VEZA";"Farming/Forage and Fodder";"10"
"MEZCLA CEBADA-VEZA";"Farming/Forage and Fodder";"10"
"MEZCLA CEBADA-YEROS";"Farming/Forage and Fodder";"10"
"MEZCLA CEBADA-ZULLA";"Farming/Forage and Fodder";"10"
"MEZCLA DE VEZA - YEROS";"Farming/Forage and Fodder";"10"
"MEZCLA PRATENSES CON PREDOMINANCIA CULTIVOS FIJADORES NITROGENO";"Farming/Forage and Fodder";"10"
"MEZCLA RAYGRASS-TRÉBOL";"Farming/Forage and Fodder";"10"
"MEZCLA RAYGRASS-VEZA";"Farming/Forage and Fodder";"10"
"MEZCLA TRIGO-VEZA";"Farming/Forage and Fodder";"10"
"MEZCLA TRITICALE-VEZA";"Farming/Forage and Fodder";"10"
"VEZA";"Farming/Forage and Fodder";"10"
"VEZA VELLOSA";"Farming/Forage and Fodder";"10"
"YEROS";"Farming/Forage and Fodder";"10"
"ZULLA";"Farming/Forage and Fodder";"10"
"ACTINIDIA";"Farming/Fruit trees (non-citrus)";"10"
"ACTINIDIA VALVATA";"Farming/Fruit trees (non-citrus)";"10"
"AGAVE";"Farming/Fruit trees (non-citrus)";"10"
"AGUACATE";"Farming/Fruit trees (non-citrus)";"10"
"AJEDREA";"Farming/Fruit trees (non-citrus)";"10"
"AJENJO";"Farming/Fruit trees (non-citrus)";"10"
"ALBARICOQUERO";"Farming/Fruit trees (non-citrus)";"10"
"ALCAPARRA";"Farming/Fruit trees (non-citrus)";"10"
"ALOE VERA";"Farming/Fruit trees (non-citrus)";"10"
"ANÍS ESTRELLADO";"Farming/Fruit trees (non-citrus)";"10"
"ARGÁN";"Farming/Fruit trees (non-citrus)";"10"
"ARÁNDANO";"Farming/Fruit trees (non-citrus)";"10"
"AZUFAIFO";"Farming/Fruit trees (non-citrus)";"10"
"BAMBÚ";"Farming/Fruit trees (non-citrus)";"10"
"BAYAS DE GOJI";"Farming/Fruit trees (non-citrus)";"10"
"BERGAMOTO";"Farming/Fruit trees (non-citrus)";"10"
"CABECERA Y CONTORNOS DE CULTIVO PERMANENTE";"Farming/Fruit trees (non-citrus)";"10"
"CAFÉ";"Farming/Fruit trees (non-citrus)";"10"
"CAMELIA JAPONESA";"Farming/Fruit trees (non-citrus)";"10"
"CAMELLIA";"Farming/Fruit trees (non-citrus)";"10"
"CAQUI o PALOSANTO";"Farming/Fruit trees (non-citrus)";"10"
"CARAMBOLO";"Farming/Fruit trees (non-citrus)";"10"
"CASTANEA";"Farming/Fruit trees (non-citrus)";"10"
"CASTAÑO JAPONES";"Farming/Fruit trees (non-citrus)";"10"
"CEREZO";"Farming/Fruit trees (non-citrus)";"10"
"CEREZO ALISO";"Farming/Fruit trees (non-citrus)";"10"
"CEREZO JAPONÉS";"Farming/Fruit trees (non-citrus)";"10"
"CEREZO RASTRERO";"Farming/Fruit trees (non-citrus)";"10"
"CEREZO-OLIVAR";"Farming/Fruit trees (non-citrus)";"10"
"CHIRIMOYO";"Farming/Fruit trees (non-citrus)";"10"
"CIDRO";"Farming/Fruit trees (non-citrus)";"10"
"CIRUELO";"Farming/Fruit trees (non-citrus)";"10"
"CIRUELO JAPONÉS";"Farming/Fruit trees (non-citrus)";"10"
"CIRUELO MIROBÁLANO";"Farming/Fruit trees (non-citrus)";"10"
"CÍTRICOS HÍBRIDOS-CAQUI";"Farming/Fruit trees (non-citrus)";"10"
"ENDRINO o ARAÑÓN";"Farming/Fruit trees (non-citrus)";"10"
"ESPECIES AROMÁTICAS LEÑOSAS";"Farming/Fruit trees (non-citrus)";"10"
"ESPLIEGO";"Farming/Fruit trees (non-citrus)";"10"
"ESPÁRRAGO";"Farming/Fruit trees (non-citrus)";"10"
"FRUTAL - HUERTA";"Farming/Fruit trees (non-citrus)";"10"
"GRANADO";"Farming/Fruit trees (non-citrus)";"10"
"GUANÁBANO";"Farming/Fruit trees (non-citrus)";"10"
"GUAYABO";"Farming/Fruit trees (non-citrus)";"10"
"GUINDO";"Farming/Fruit trees (non-citrus)";"10"
"HELICRISO";"Farming/Fruit trees (non-citrus)";"10"
"HIERBALUISA";"Farming/Fruit trees (non-citrus)";"10"
"HIGUERA";"Farming/Fruit trees (non-citrus)";"10"
"HISOPO";"Farming/Fruit trees (non-citrus)";"10"
"HÍBRIDOS DE ACTINIDIA CHINENSIS Y ARGUTA";"Farming/Fruit trees (non-citrus)";"10"
"HÍBRIDOS DE ACTINIDIA CHINENSIS Y DELICIOSA";"Farming/Fruit trees (non-citrus)";"10"
"HÍBRIDOS DE ACTINIDIA CHINENSIS Y ERIANTHA";"Farming/Fruit trees (non-citrus)";"10"
"HÍBRIDOS DE CASTANEA CRENATA Y SATIVA";"Farming/Fruit trees (non-citrus)";"10"
"HÍBRIDOS DE JUGLANS MAYOR Y REGIA";"Farming/Fruit trees (non-citrus)";"10"
"JATROPHA";"Farming/Fruit trees (non-citrus)";"10"
"JOJOBA";"Farming/Fruit trees (non-citrus)";"10"
"KIWI";"Farming/Fruit trees (non-citrus)";"10"
"KIWI AMARILLO";"Farming/Fruit trees (non-citrus)";"10"
"KIWI ENANO";"Farming/Fruit trees (non-citrus)";"10"
"KIWIÑO";"Farming/Fruit trees (non-citrus)";"10"
"KUMQUAT";"Farming/Fruit trees (non-citrus)";"10"
"LAUREL CEREZO";"Farming/Fruit trees (non-citrus)";"10"
"LAUREL DE PORTUGAL";"Farming/Fruit trees (non-citrus)";"10"
"LAVANDA";"Farming/Fruit trees (non-citrus)";"10"
"LAVANDÍN";"Farming/Fruit trees (non-citrus)";"10"
"LIMA";"Farming/Fruit trees (non-citrus)";"10"
"LIMEQUAT";"Farming/Fruit trees (non-citrus)";"10"
"LIMERO DULCE";"Farming/Fruit trees (non-citrus)";"10"
"LIMÓN DULCE DEL MEDITERRÁNEO";"Farming/Fruit trees (non-citrus)";"10"
"LIMÓN MANDARINA";"Farming/Fruit trees (non-citrus)";"10"
"LITCHI";"Farming/Fruit trees (non-citrus)";"10"
"LONGAN";"Farming/Fruit trees (non-citrus)";"10"
"LÚPULO";"Farming/Fruit trees (non-citrus)";"10"
"MANGO";"Farming/Fruit trees (non-citrus)";"10"
"MANGOSTÁN";"Farming/Fruit trees (non-citrus)";"10"
"MANO DE BUDA";"Farming/Fruit trees (non-citrus)";"10"
"MANZANO";"Farming/Fruit trees (non-citrus)";"10"
"MANZANO DE ADORNO";"Farming/Fruit trees (non-citrus)";"10"
"MANZANO ROJO";"Farming/Fruit trees (non-citrus)";"10"
"MANZANO SILVESTRE";"Farming/Fruit trees (non-citrus)";"10"
"MANZANO SILVESTRE AMERICANO";"Farming/Fruit trees (non-citrus)";"10"
"MANZANO SILVESTRE CHINO";"Farming/Fruit trees (non-citrus)";"10"
"MANZANO SILVESTRE JAPONÉS";"Farming/Fruit trees (non-citrus)";"10"
"MARACUYÁ o FRUTO DE LA PASIÓN";"Farming/Fruit trees (non-citrus)";"10"
"MELISA O TORONJIL";"Farming/Fruit trees (non-citrus)";"10"
"MELOCOTONERO";"Farming/Fruit trees (non-citrus)";"10"
"MEMBRILLO";"Farming/Fruit trees (non-citrus)";"10"
"MEZCLA BRACHIPODIUM-TRÉBOL";"Farming/Fruit trees (non-citrus)";"10"
"MEZCLA CEREAL-VEZA";"Farming/Fruit trees (non-citrus)";"10"
"MORERA";"Farming/Fruit trees (non-citrus)";"10"
"MORINGA";"Farming/Fruit trees (non-citrus)";"10"
"NASHI";"Farming/Fruit trees (non-citrus)";"10"
"NECTARINO";"Farming/Fruit trees (non-citrus)";"10"
"NUEZ DE COLA";"Farming/Fruit trees (non-citrus)";"10"
"NÍSPERO";"Farming/Fruit trees (non-citrus)";"10"
"NÍSPERO EUROPEO";"Farming/Fruit trees (non-citrus)";"10"
"NÍSPERO-CAQUI";"Farming/Fruit trees (non-citrus)";"10"
"OLIVAR - FRUTAL";"Farming/Fruit trees (non-citrus)";"10"
"OLIVO";"Farming/Fruit trees (non-citrus)";"10"
"OPUNTIA";"Farming/Fruit trees (non-citrus)";"10"
"OTROS FRUTALES";"Farming/Fruit trees (non-citrus)";"10"
"PALMERA DATILERA";"Farming/Fruit trees (non-citrus)";"10"
"PAPAYA";"Farming/Fruit trees (non-citrus)";"10"
"PARAGUAYO";"Farming/Fruit trees (non-citrus)";"10"
"PERAL";"Farming/Fruit trees (non-citrus)";"10"
"PERAL DE CALLERY";"Farming/Fruit trees (non-citrus)";"10"
"PERAL DE REGEL";"Farming/Fruit trees (non-citrus)";"10"
"PERAL SILVESTRE";"Farming/Fruit trees (non-citrus)";"10"
"PIRUÉTANO";"Farming/Fruit trees (non-citrus)";"10"
"PITA";"Farming/Fruit trees (non-citrus)";"10"
"PITAYA";"Farming/Fruit trees (non-citrus)";"10"
"PIÑA";"Farming/Fruit trees (non-citrus)";"10"
"PLATANERA";"Farming/Fruit trees (non-citrus)";"10"
"PLATERINA";"Farming/Fruit trees (non-citrus)";"10"
"PUMMELO";"Farming/Fruit trees (non-citrus)";"10"
"RAMBUTÁN";"Farming/Fruit trees (non-citrus)";"10"
"RAMIO";"Farming/Fruit trees (non-citrus)";"10"
"RICINO";"Farming/Fruit trees (non-citrus)";"10"
"ROMERO";"Farming/Fruit trees (non-citrus)";"10"
"SALVIA";"Farming/Fruit trees (non-citrus)";"10"
"SANTOLINA";"Farming/Fruit trees (non-citrus)";"10"
"SISAL";"Farming/Fruit trees (non-citrus)";"10"
"TAGASASTE";"Farming/Fruit trees (non-citrus)";"10"
"TEDERA";"Farming/Fruit trees (non-citrus)";"10"
"TOMILLO";"Farming/Fruit trees (non-citrus)";"10"
"TÉ";"Farming/Fruit trees (non-citrus)";"10"
"VIÑA";"Farming/Fruit trees (non-citrus)";"10"
"VIÑA - FRUTAL";"Farming/Fruit trees (non-citrus)";"10"
"VIÑA - HUERTA";"Farming/Fruit trees (non-citrus)";"10"
"VIÑA - OLIVAR";"Farming/Fruit trees (non-citrus)";"10"
"YUTE";"Farming/Fruit trees (non-citrus)";"10"
"YUZU";"Farming/Fruit trees (non-citrus)";"10"
"ZAPOTE";"Farming/Fruit trees (non-citrus)";"10"
"ZUMAQUE";"Farming/Fruit trees (non-citrus)";"10"
"ÁRBOL DE LA NUEZ DE MACADAMIA";"Farming/Fruit trees (non-citrus)";"10"
"ABACA ALIAS MANILA";"Farming/Industrial crops";"10"
"ADORMIDERA";"Farming/Industrial crops";"10"
"ALGODÓN";"Farming/Industrial crops";"10"
"ALGODÓN AMERICANO";"Farming/Industrial crops";"10"
"ALGODÓN EGIPCIO";"Farming/Industrial crops";"10"
"CÁÑAMO";"Farming/Industrial crops";"10"
"HIERBA CINTA";"Farming/Industrial crops";"10"
"KENAF";"Farming/Industrial crops";"10"
"LINO";"Farming/Industrial crops";"10"
"MEZCLA LINO-BRACHYPODIUM";"Farming/Industrial crops";"10"
"MISCANTHUS";"Farming/Industrial crops";"10"
"TABACO";"Farming/Industrial crops";"10"
"ALBERJÓN";"Farming/Legumes (grain)";"10"
"ALGARROBA";"Farming/Legumes (grain)";"10"
"ALMORTA";"Farming/Legumes (grain)";"10"
"ALTRAMUZ AMARILLO";"Farming/Legumes (grain)";"10"
"ALTRAMUZ AZUL";"Farming/Legumes (grain)";"10"
"ALTRAMUZ BLANCO";"Farming/Legumes (grain)";"10"
"ALUBIA";"Farming/Legumes (grain)";"10"
"ALVERJA";"Farming/Legumes (grain)";"10"
"ALVERJA HÚNGARA";"Farming/Legumes (grain)";"10"
"AÑIL";"Farming/Legumes (grain)";"10"
"BISERRULA";"Farming/Legumes (grain)";"10"
"CACAHUETE";"Farming/Legumes (grain)";"10"
"CAUPÍ";"Farming/Legumes (grain)";"10"
"CROTALARIA JUNCEA";"Farming/Legumes (grain)";"10"
"CUERNECILLO";"Farming/Legumes (grain)";"10"
"GARBANZO";"Farming/Legumes (grain)";"10"
"GUISANTE";"Farming/Legumes (grain)";"10"
"HABA";"Farming/Legumes (grain)";"10"
"HABONCILLO";"Farming/Legumes (grain)";"10"
"JUDÍA ESCARLATA";"Farming/Legumes (grain)";"10"
"JUDÍA MUNGO";"Farming/Legumes (grain)";"10"
"LENTEJA";"Farming/Legumes (grain)";"10"
"MEDICAGO";"Farming/Legumes (grain)";"10"
"MELILOTO AMARILLO";"Farming/Legumes (grain)";"10"
"MEZCLA ALGARROBA-AVENA";"Farming/Legumes (grain)";"10"
"MEZCLA ALGARROBA-CEBADA";"Farming/Legumes (grain)";"10"
"MEZCLA ALUBIA-MAÍZ";"Farming/Legumes (grain)";"10"
"MEZCLA AVENA-GUISANTE";"Farming/Legumes (grain)";"10"
"MEZCLA AVENA-HABA";"Farming/Legumes (grain)";"10"
"MEZCLA CEBADA-GUISANTE";"Farming/Legumes (grain)";"10"
"MEZCLA DE VEZA - TITARROS";"Farming/Legumes (grain)";"10"
"MEZCLA HABA-VEZA";"Farming/Legumes (grain)";"10"
"MEZCLA TRITICALE-GUISANTE";"Farming/Legumes (grain)";"10"
"MEZCLA VEZA-GUISANTE-TRÉBOL";"Farming/Legumes (grain)";"10"
"PHASEOLUS LUNATUS";"Farming/Legumes (grain)";"10"
"SERRADELLA";"Farming/Legumes (grain)";"10"
"SOJA";"Farming/Legumes (grain)";"10"
"TITARROS";"Farming/Legumes (grain)";"10"
"TRÉBOL";"Farming/Legumes (grain)";"10"
"ÍNDIGO";"Farming/Legumes (grain)";"10"
"SETAS";"Farming/Mushrooms";"10"
"CAMELINA";"Farming/Oilseeds and Industrial";"10"
"COLZA";"Farming/Oilseeds and Industrial";"10"
"CÁRTAMO";"Farming/Oilseeds and Industrial";"10"
"GIRASOL";"Farming/Oilseeds and Industrial";"10"
"ALGARROBO";"Farming/Orchards and Nuts";"10"
"ALMENDRO";"Farming/Orchards and Nuts";"10"
"ALMENDRO DE FLOR";"Farming/Orchards and Nuts";"10"
"ALMENDRO-OLIVAR";"Farming/Orchards and Nuts";"10"
"CEREZO-ALGARROBO";"Farming/Orchards and Nuts";"10"
"FRUTOS DE CÁSCARA";"Farming/Orchards and Nuts";"10"
"PISTACHO";"Farming/Orchards and Nuts";"10"
"FLORES";"Farming/Ornamentals and Flowers";"10"
"VIVERO - PRODUCTOR MVR";"Farming/Ornamentals and Flowers";"10"
"ACEDERILLA";"Farming/Other";"10"
"ADELFA";"Farming/Other";"10"
"ADENANTHOS";"Farming/Other";"10"
"AGAPANTHUS";"Farming/Other";"10"
"AGERATUM";"Farming/Other";"10"
"AGRIMONIA";"Farming/Other";"10"
"AGROSTIS";"Farming/Other";"10"
"AGROSTIS CANINA";"Farming/Other";"10"
"AGROSTIS CAPILLARIS";"Farming/Other";"10"
"AGROSTIS GIGANTEA";"Farming/Other";"10"
"AGROSTIS STOLONIFERA";"Farming/Other";"10"
"ALCARAVEA";"Farming/Other";"10"
"ALFALFA DE ARENA";"Farming/Other";"10"
"ALFALFA DE BURRO";"Farming/Other";"10"
"ALFALFA ESCUDETEADA";"Farming/Other";"10"
"ALFALFA ESPINOSA";"Farming/Other";"10"
"ALFALFA ITALIANA";"Farming/Other";"10"
"ALFALFA LITORAL";"Farming/Other";"10"
"ALFALFA RUGOSA";"Farming/Other";"10"
"ALFORFÓN";"Farming/Other";"10"
"ALOCASIA";"Farming/Other";"10"
"ALOE";"Farming/Other";"10"
"ALSTROEMERIA";"Farming/Other";"10"
"ALTHERNANTERA";"Farming/Other";"10"
"ALYOGYNE";"Farming/Other";"10"
"ALYSSUM";"Farming/Other";"10"
"AMARANTO";"Farming/Other";"10"
"AMARANTO ROJO";"Farming/Other";"10"
"AMELANCHIER";"Farming/Other";"10"
"ANGÉLICA";"Farming/Other";"10"
"ANIGOZANTHOS";"Farming/Other";"10"
"ANTHURIUM";"Farming/Other";"10"
"ANTIRRHINUM";"Farming/Other";"10"
"ANÍS DULCE";"Farming/Other";"10"
"AQUILEGIA";"Farming/Other";"10"
"ARAUCARIA";"Farming/Other";"10"
"ARCTOTIS";"Farming/Other";"10"
"ARECA";"Farming/Other";"10"
"ARGYRANTEMUM";"Farming/Other";"10"
"ARMERIA";"Farming/Other";"10"
"AROS EGIPCIOS";"Farming/Other";"10"
"ARRHENATHERUM";"Farming/Other";"10"
"ARTEMISA";"Farming/Other";"10"
"ARVEJA ROJA";"Farming/Other";"10"
"ASPLENIUM";"Farming/Other";"10"
"ASTER";"Farming/Other";"10"
"AVE DEL PARAÍSO";"Farming/Other";"10"
"BARBAREA";"Farming/Other";"10"
"BARDANA";"Farming/Other";"10"
"BEAUCARNEA";"Farming/Other";"10"
"BEGONIA";"Farming/Other";"10"
"BEGONIA ELIATOR";"Farming/Other";"10"
"BEGONIA SEMPERFLORENS";"Farming/Other";"10"
"BELLIS";"Farming/Other";"10"
"BIGNONIA";"Farming/Other";"10"
"BLEDO COMÚN";"Farming/Other";"10"
"BLEDO VERDE";"Farming/Other";"10"
"BOCA DE DRAGÓN";"Farming/Other";"10"
"BORONIA";"Farming/Other";"10"
"BOTÓN DE ORO";"Farming/Other";"10"
"BOUGAINVILLEA";"Farming/Other";"10"
"BRACHYPODIUM";"Farming/Other";"10"
"BROMO DE SITKA";"Farming/Other";"10"
"BULBINE";"Farming/Other";"10"
"BUXUS";"Farming/Other";"10"
"CAESALPINIA";"Farming/Other";"10"
"CALCEOLARIA";"Farming/Other";"10"
"CALIBRACHOA";"Farming/Other";"10"
"CALIFORNIA BLUEBELL";"Farming/Other";"10"
"CALLA";"Farming/Other";"10"
"CALLISTEMON";"Farming/Other";"10"
"CALÉNDULA";"Farming/Other";"10"
"CANNA";"Farming/Other";"10"
"CAPUCHINA";"Farming/Other";"10"
"CAREX";"Farming/Other";"10"
"CARISSA";"Farming/Other";"10"
"CARRETÓN";"Farming/Other";"10"
"CASSIA";"Farming/Other";"10"
"CATTLEYA";"Farming/Other";"10"
"CAÑA COMÚN";"Farming/Other";"10"
"CAÑA DE AZÚCAR";"Farming/Other";"10"
"CAÑUELA";"Farming/Other";"10"
"CEANOTHUS";"Farming/Other";"10"
"CEBADILLA";"Farming/Other";"10"
"CELINDA";"Farming/Other";"10"
"CERATONIA";"Farming/Other";"10"
"CEREZA DE NATAL";"Farming/Other";"10"
"CESTRUM";"Farming/Other";"10"
"CHAMPIÑÓN";"Farming/Other";"10"
"CHEFLERA";"Farming/Other";"10"
"CHRYSANTHEMUM";"Farming/Other";"10"
"CHUFA";"Farming/Other";"10"
"CHUPAMIELES";"Farming/Other";"10"
"CHÍA";"Farming/Other";"10"
"CICUTA";"Farming/Other";"10"
"CINAMOMO";"Farming/Other";"10"
"CINERARIA";"Farming/Other";"10"
"CISSUS";"Farming/Other";"10"
"CLAVEL";"Farming/Other";"10"
"CLAVEL CHINO";"Farming/Other";"10"
"CLAVEL DEL POETA";"Farming/Other";"10"
"CLIVIA";"Farming/Other";"10"
"CODIAEUM";"Farming/Other";"10"
"COLA DE ZORRA";"Farming/Other";"10"
"CONVOLVULUS";"Farming/Other";"10"
"COPROSMA";"Farming/Other";"10"
"CORDYLINE";"Farming/Other";"10"
"CORREA";"Farming/Other";"10"
"COTONEASTER";"Farming/Other";"10"
"CRASSULA";"Farming/Other";"10"
"CULTIVOS MIXTOS DE ESPECIES PRATENSES";"Farming/Other";"10"
"CYCAS";"Farming/Other";"10"
"CYCLAMEN";"Farming/Other";"10"
"CYPERUS";"Farming/Other";"10"
"CÓLEO";"Farming/Other";"10"
"CÚRCUMA";"Farming/Other";"10"
"DACTILO";"Farming/Other";"10"
"DAHLIA";"Farming/Other";"10"
"DAPHNE";"Farming/Other";"10"
"DASYLIRION";"Farming/Other";"10"
"DEDALERA O DIGITAL";"Farming/Other";"10"
"DELOSPERMA";"Farming/Other";"10"
"DIANELLA";"Farming/Other";"10"
"DIENTE DE LEÓN";"Farming/Other";"10"
"DIMORPHOTHECA";"Farming/Other";"10"
"DIOSMA";"Farming/Other";"10"
"DODONAEA";"Farming/Other";"10"
"DRACAENA";"Farming/Other";"10"
"DURANTA";"Farming/Other";"10"
"ECHIUM";"Farming/Other";"10"
"ENULA";"Farming/Other";"10"
"EPIPREMNUM";"Farming/Other";"10"
"EQUINACEA";"Farming/Other";"10"
"EREMOPHILA";"Farming/Other";"10"
"ERICA";"Farming/Other";"10"
"ERIOSTEMON";"Farming/Other";"10"
"ESCANDA";"Farming/Other";"10"
"ESCAÑA";"Farming/Other";"10"
"ESCORZONERA";"Farming/Other";"10"
"ESPECIES AROMÁTICAS HERBÁCEAS";"Farming/Other";"10"
"ESPIGUILLA DE BURRO";"Farming/Other";"10"
"ESPINO ALBAR";"Farming/Other";"10"
"ESTRAGÓN";"Farming/Other";"10"
"EUONYMUS";"Farming/Other";"10"
"EUPHORBIA";"Farming/Other";"10"
"FACELIA FORRAJERA";"Farming/Other";"10"
"FALSO JAZMÍN";"Farming/Other";"10"
"FARFUGIUM";"Farming/Other";"10"
"FEIJOA";"Farming/Other";"10"
"FESTUCA";"Farming/Other";"10"
"FESTUCA ALTA";"Farming/Other";"10"
"FESTUCA DURA";"Farming/Other";"10"
"FESTUCA OVINA";"Farming/Other";"10"
"FESTUCA OVINA DE HOJA FINA";"Farming/Other";"10"
"FESTUCA PRATENSE";"Farming/Other";"10"
"FESTUCA ROJA";"Farming/Other";"10"
"FICUS";"Farming/Other";"10"
"FICUS BENJAMINA";"Farming/Other";"10"
"FICUS DE HOJA DE VIOLÍN";"Farming/Other";"10"
"FICUS RABUDO";"Farming/Other";"10"
"FLEO";"Farming/Other";"10"
"FLEO BULBOSO";"Farming/Other";"10"
"FLOR DE CERA";"Farming/Other";"10"
"FLOR DE PAPEL";"Farming/Other";"10"
"FLOR DE PASCUA";"Farming/Other";"10"
"FREESIA";"Farming/Other";"10"
"FUCHSIA";"Farming/Other";"10"
"GALEGA DE ORIENTE";"Farming/Other";"10"
"GALVEZIA";"Farming/Other";"10"
"GARDENIA";"Farming/Other";"10"
"GAURA";"Farming/Other";"10"
"GAYUBA";"Farming/Other";"10"
"GAZANIA";"Farming/Other";"10"
"GENCIANA";"Farming/Other";"10"
"GERBERA";"Farming/Other";"10"
"GINSENG";"Farming/Other";"10"
"GITANILLA";"Farming/Other";"10"
"GLADIOLUS";"Farming/Other";"10"
"GRAMA COMÚN";"Farming/Other";"10"
"GROSELLERO ROJO";"Farming/Other";"10"
"GUAYULE";"Farming/Other";"10"
"GYPSOPHILA";"Farming/Other";"10"
"HALIMIUM";"Farming/Other";"10"
"HEBE";"Farming/Other";"10"
"HEDERA";"Farming/Other";"10"
"HEDYCHIUM";"Farming/Other";"10"
"HELICHRYSUM";"Farming/Other";"10"
"HERNIARIA";"Farming/Other";"10"
"HIERBA DE GUINEA";"Farming/Other";"10"
"HIERBA LIMÓN";"Farming/Other";"10"
"HIERBA SALADA";"Farming/Other";"10"
"HIERBABUENA";"Farming/Other";"10"
"HIGUERA CAUCHERA";"Farming/Other";"10"
"HIGUERA DE BAHÍA MORETÓN";"Farming/Other";"10"
"HIGUERA HERRUMBROSA";"Farming/Other";"10"
"HIPÉRICO";"Farming/Other";"10"
"HONGO PULMÓN";"Farming/Other";"10"
"HORTENSIA";"Farming/Other";"10"
"HYACINTHUS";"Farming/Other";"10"
"HÍBRIDOS DE GOSSYPIUM HIRSUTUM Y BARBADENSE";"Farming/Other";"10"
"IMPATIENS";"Farming/Other";"10"
"IRIS";"Farming/Other";"10"
"JABONERA";"Farming/Other";"10"
"JACOBINIA";"Farming/Other";"10"
"JASMINUM";"Farming/Other";"10"
"JAZMIN CHINO";"Farming/Other";"10"
"JAZMIN ESTRELLADO";"Farming/Other";"10"
"JAZMÍN DEL CABO";"Farming/Other";"10"
"JENGIBRE";"Farming/Other";"10"
"JUDÍA DE EGIPTO";"Farming/Other";"10"
"KALANCHOE";"Farming/Other";"10"
"KENTIA";"Farming/Other";"10"
"LABIÉRNAGO";"Farming/Other";"10"
"LANTANA";"Farming/Other";"10"
"LAUREL DE INDIAS";"Farming/Other";"10"
"LEMONGRASS";"Farming/Other";"10"
"LEPTOSPERMUM";"Farming/Other";"10"
"LEVÍSTICO";"Farming/Other";"10"
"LEWISIA";"Farming/Other";"10"
"LIGUSTRUM";"Farming/Other";"10"
"LILIUM";"Farming/Other";"10"
"LILO";"Farming/Other";"10"
"LIMONIASTRUM";"Farming/Other";"10"
"LIRIO ARAÑA";"Farming/Other";"10"
"LIRIO DE LOS VALLES";"Farming/Other";"10"
"LIRIO DE PASCUA";"Farming/Other";"10"
"LLANTÉN";"Farming/Other";"10"
"LLANTÉN MENOR";"Farming/Other";"10"
"LOBELIA";"Farming/Other";"10"
"LOBULARIA";"Farming/Other";"10"
"LUPULINA";"Farming/Other";"10"
"MAGNOLIA";"Farming/Other";"10"
"MALVA COMÚN";"Farming/Other";"10"
"MALVAVISCO";"Farming/Other";"10"
"MANZANILLA AMARGA";"Farming/Other";"10"
"MANZANILLA DULCE";"Farming/Other";"10"
"MARALFALFA";"Farming/Other";"10"
"MEDICAGO TRUNCATULA";"Farming/Other";"10"
"METROSIDEROS";"Farming/Other";"10"
"MEZCLA CEREAL-RAYGRASS";"Farming/Other";"10"
"MEZCLA RAYGRASS";"Farming/Other";"10"
"MILENRAMA";"Farming/Other";"10"
"MIRTO";"Farming/Other";"10"
"MOCO DE PAVO";"Farming/Other";"10"
"MOSTAZA";"Farming/Other";"10"
"MOSTAZA CHINA";"Farming/Other";"10"
"MOSTAZA ETÍOPE";"Farming/Other";"10"
"MOSTAZA NEGRA";"Farming/Other";"10"
"MOSTAZA SILVESTRE";"Farming/Other";"10"
"MUEHLENBECKIA";"Farming/Other";"10"
"MUSA";"Farming/Other";"10"
"MYRSINE";"Farming/Other";"10"
"MYRTUS";"Farming/Other";"10"
"NARCISSUS";"Farming/Other";"10"
"NEPHROLEPIS";"Farming/Other";"10"
"NERIUM";"Farming/Other";"10"
"OJO DE BUEY";"Farming/Other";"10"
"OPERCULINA";"Farming/Other";"10"
"ORÉGANO";"Farming/Other";"10"
"OZOTHAMNUS";"Farming/Other";"10"
"PACHIRA";"Farming/Other";"10"
"PALMA DE VIAJERO";"Farming/Other";"10"
"PANIZO";"Farming/Other";"10"
"PAPIRO EGIPCIO";"Farming/Other";"10"
"PARTHENOCISSUS";"Farming/Other";"10"
"PASSIFLORA";"Farming/Other";"10"
"PATA DE ELEFANTE";"Farming/Other";"10"
"PELARGONIUM";"Farming/Other";"10"
"PEROVSKIA";"Farming/Other";"10"
"PETUNIA";"Farming/Other";"10"
"PHACELIA";"Farming/Other";"10"
"PHILODENDRON";"Farming/Other";"10"
"PHORMIUM";"Farming/Other";"10"
"PIERIS";"Farming/Other";"10"
"PIMELEA";"Farming/Other";"10"
"PLUMBAGO";"Farming/Other";"10"
"PLUMERIA";"Farming/Other";"10"
"POA";"Farming/Other";"10"
"POA ANNUA";"Farming/Other";"10"
"POA COMÚN";"Farming/Other";"10"
"POA DE LOS BOSQUES";"Farming/Other";"10"
"POA DE LOS PANTANOS";"Farming/Other";"10"
"POA DE LOS PRADOS";"Farming/Other";"10"
"POLEO";"Farming/Other";"10"
"POLÍGALA";"Farming/Other";"10"
"PORTAINJERTOS DE VID";"Farming/Other";"10"
"PORTULACA";"Farming/Other";"10"
"PROTEA";"Farming/Other";"10"
"PRÍMULA";"Farming/Other";"10"
"PULMONARIA";"Farming/Other";"10"
"QUISQUALIS";"Farming/Other";"10"
"RABO DE GATO";"Farming/Other";"10"
"RAYGRASS ANUAL";"Farming/Other";"10"
"RAYGRASS HÍBRIDO";"Farming/Other";"10"
"RAYGRASS ITALIANO";"Farming/Other";"10"
"RAYGRASS PERENNE";"Farming/Other";"10"
"RAYGRASS WESTERNWORLD";"Farming/Other";"10"
"REGALIZ";"Farming/Other";"10"
"REMOLACHA FORRAJERA";"Farming/Other";"10"
"RHAMNUS";"Farming/Other";"10"
"RHAPHIOLEPIS";"Farming/Other";"10"
"RHAPIS";"Farming/Other";"10"
"RHODODENDRON";"Farming/Other";"10"
"ROMPEPIEDRA";"Farming/Other";"10"
"ROSA";"Farming/Other";"10"
"RUDA";"Farming/Other";"10"
"RUSSELIA";"Farming/Other";"10"
"SALICORNIA";"Farming/Other";"10"
"SALSIFÍ";"Farming/Other";"10"
"SANSEVIERIA";"Farming/Other";"10"
"SARCOPOTERIUM";"Farming/Other";"10"
"SCHEFFLERA";"Farming/Other";"10"
"SERRADELLA AMARILLA";"Farming/Other";"10"
"SETA DE OSTRA";"Farming/Other";"10"
"SETA DE PIE AZUL";"Farming/Other";"10"
"SHIITAKE";"Farming/Other";"10"
"SIDA FALLAX";"Farming/Other";"10"
"SIEMPREVIVA AZUL";"Farming/Other";"10"
"SILPHIUM";"Farming/Other";"10"
"SOLIDAGO";"Farming/Other";"10"
"SOLIDASTER";"Farming/Other";"10"
"SPATHIPHYLLUM";"Farming/Other";"10"
"STEPHANOTIS";"Farming/Other";"10"
"STIPA";"Farming/Other";"10"
"SYNGONIUM";"Farming/Other";"10"
"SÉSAMO";"Farming/Other";"10"
"TAGETES";"Farming/Other";"10"
"TAMARIX";"Farming/Other";"10"
"TEUCRIUM";"Farming/Other";"10"
"THUJA";"Farming/Other";"10"
"TRACHELOSPERMUM";"Farming/Other";"10"
"TRANQUILLÓN";"Farming/Other";"10"
"TRAVALERA";"Farming/Other";"10"
"TRISETUM FLAVESCENS";"Farming/Other";"10"
"TRÉBOL BALANSA";"Farming/Other";"10"
"TRÉBOL BLANCO";"Farming/Other";"10"
"TRÉBOL DE ALEJANDRÍA";"Farming/Other";"10"
"TRÉBOL DE FRUTO ANGOSTO";"Farming/Other";"10"
"TRÉBOL ENCARNADO";"Farming/Other";"10"
"TRÉBOL FRESERO";"Farming/Other";"10"
"TRÉBOL GLANDULAR";"Farming/Other";"10"
"TRÉBOL GLOMERADO";"Farming/Other";"10"
"TRÉBOL HÍBRIDO";"Farming/Other";"10"
"TRÉBOL PERSA";"Farming/Other";"10"
"TRÉBOL SQUARROSO";"Farming/Other";"10"
"TRÉBOL SUBTERRANEO";"Farming/Other";"10"
"TRÉBOL VELLOSO";"Farming/Other";"10"
"TRÉBOL VESICULOSO";"Farming/Other";"10"
"TRÉBOL VIOLETA";"Farming/Other";"10"
"TRÉBOL ÁSPERO";"Farming/Other";"10"
"TULBAGHIA";"Farming/Other";"10"
"TULIPA";"Farming/Other";"10"
"TÁRTAGO";"Farming/Other";"10"
"VALERIANA";"Farming/Other";"10"
"VARA DE ORO";"Farming/Other";"10"
"VARA DE ORO EUROPEA";"Farming/Other";"10"
"VERBENA";"Farming/Other";"10"
"VIBURNUM";"Farming/Other";"10"
"VINCA";"Farming/Other";"10"
"VIOLA";"Farming/Other";"10"
"VITEX";"Farming/Other";"10"
"WESTRINGIA";"Farming/Other";"10"
"YUCA";"Farming/Other";"10"
"YUCCA";"Farming/Other";"10"
"ÁRBOL DEL PARAÍSO";"Farming/Other";"10"
"ÍNDIGO CHINO";"Farming/Other";"10"
"Palm/Date";"Farming/Palm";"10"
"PASTO DEL SUDÁN";"Farming/Pastures and Grasslands";"10"
"PASTOS DE MENOS DE 5 AÑOS";"Farming/Pastures and Grasslands";"10"
"PASTOS PERMANENTES DE 5 O MÁS AÑOS";"Farming/Pastures and Grasslands";"10"
"REMOLACHA";"Farming/Sugar crops";"10"
"REMOLACHA AZUCARERA";"Farming/Sugar crops";"10"
"BONIATO";"Farming/Tubers and Roots";"10"
"CHIRIVÍA";"Farming/Tubers and Roots";"10"
"COLINABO";"Farming/Tubers and Roots";"10"
"NABO";"Farming/Tubers and Roots";"10"
"NABO SILVESTRE";"Farming/Tubers and Roots";"10"
"PATATA";"Farming/Tubers and Roots";"10"
"REMOLACHA DE MESA";"Farming/Tubers and Roots";"10"
"ZANAHORIA";"Farming/Tubers and Roots";"10"
"BARBECHO DE BIODIVERSIDAD (INCLUYE MELÍFERAS)";"Farming/Unproductive";"10"
"BARBECHO MEDIOAMBIENTAL";"Farming/Unproductive";"10"
"BARBECHO TRADICIONAL";"Farming/Unproductive";"10"
"ACEDERA";"Farming/Vegetables";"10"
"ACELGA";"Farming/Vegetables";"10"
"ACELGA BRAVA";"Farming/Vegetables";"10"
"ACHICORIA";"Farming/Vegetables";"10"
"ACHICORIA DE CAFÉ";"Farming/Vegetables";"10"
"AJO";"Farming/Vegetables";"10"
"AJO PUERRO";"Farming/Vegetables";"10"
"AJOWAN";"Farming/Vegetables";"10"
"ALBAHACA";"Farming/Vegetables";"10"
"ALCACHOFA";"Farming/Vegetables";"10"
"ALCACHOFA CHINA";"Farming/Vegetables";"10"
"ALFICOZ";"Farming/Vegetables";"10"
"APIO";"Farming/Vegetables";"10"
"APIO-RÁBANO";"Farming/Vegetables";"10"
"AZAFRÁN";"Farming/Vegetables";"10"
"BATATA";"Farming/Vegetables";"10"
"BATATA ACUÁTICA";"Farming/Vegetables";"10"
"BERENJENA";"Farming/Vegetables";"10"
"BERENJENA CIMARRONA";"Farming/Vegetables";"10"
"BERENJENA ETÍOPE";"Farming/Vegetables";"10"
"BERRO DE AGUA";"Farming/Vegetables";"10"
"BERRO HORTELANO";"Farming/Vegetables";"10"
"BERZA";"Farming/Vegetables";"10"
"BORRAJA";"Farming/Vegetables";"10"
"BROCCOLINI";"Farming/Vegetables";"10"
"BRÓCOLI";"Farming/Vegetables";"10"
"BRÓCOLI CHINO";"Farming/Vegetables";"10"
"CALABACÍN";"Farming/Vegetables";"10"
"CALABAZA";"Farming/Vegetables";"10"
"CALABAZA AMARGA";"Farming/Vegetables";"10"
"CALABAZA CHINA";"Farming/Vegetables";"10"
"CALABAZA DE CABELLO DE ÁNGEL";"Farming/Vegetables";"10"
"CALABAZA DEL PEREGRINO";"Farming/Vegetables";"10"
"CALABAZA MOSCADA";"Farming/Vegetables";"10"
"CALABAZA SERPIENTE";"Farming/Vegetables";"10"
"CANÓNIGO";"Farming/Vegetables";"10"
"CARDO";"Farming/Vegetables";"10"
"CARDO DE FULLER";"Farming/Vegetables";"10"
"CEBOLLA";"Farming/Vegetables";"10"
"CEBOLLETA";"Farming/Vegetables";"10"
"CEBOLLINO";"Farming/Vegetables";"10"
"CEBOLLINO CHINO";"Farming/Vegetables";"10"
"CHALOTA";"Farming/Vegetables";"10"
"CHAYOTE";"Farming/Vegetables";"10"
"CHOISUM";"Farming/Vegetables";"10"
"CILANTRO";"Farming/Vegetables";"10"
"COL CHINA";"Farming/Vegetables";"10"
"COL CRESPA";"Farming/Vegetables";"10"
"COL DE BRUSELAS";"Farming/Vegetables";"10"
"COL DE JERSEY";"Farming/Vegetables";"10"
"COL MILÁN O SAVOY";"Farming/Vegetables";"10"
"COL PICUDA";"Farming/Vegetables";"10"
"COL ROJA O LOMBARDA";"Farming/Vegetables";"10"
"COL TRONCHUDA";"Farming/Vegetables";"10"
"COLIFLOR";"Farming/Vegetables";"10"
"COLIRRÁBANO";"Farming/Vegetables";"10"
"COLLEJA";"Farming/Vegetables";"10"
"COMINO";"Farming/Vegetables";"10"
"ENDIVIA";"Farming/Vegetables";"10"
"ENELDO";"Farming/Vegetables";"10"
"ESCAROLA";"Farming/Vegetables";"10"
"ESPINACA";"Farming/Vegetables";"10"
"ESPINACA DE MALABAR";"Farming/Vegetables";"10"
"ESPONJA VEGETAL";"Farming/Vegetables";"10"
"ESTEVIA";"Farming/Vegetables";"10"
"FRESA";"Farming/Vegetables";"10"
"FRESÓN";"Farming/Vegetables";"10"
"FROMENTAL";"Farming/Vegetables";"10"
"GALANGA MENOR";"Farming/Vegetables";"10"
"GRELOS";"Farming/Vegetables";"10"
"GUINDILLA";"Farming/Vegetables";"10"
"HINOJO";"Farming/Vegetables";"10"
"HUERTA";"Farming/Vegetables";"10"
"HÍBRIDOS DE CUCUMIS MELO";"Farming/Vegetables";"10"
"HÍBRIDOS DE FRAGARIA IINUMAE Y VESCA";"Farming/Vegetables";"10"
"HÍBRIDOS DE SOLANUM LYCOPERSICUM Y CHESMANIAE";"Farming/Vegetables";"10"
"HÍBRIDOS DE SOLANUM LYCOPERSICUM Y HABROCHAITES";"Farming/Vegetables";"10"
"HÍBRIDOS DE SOLANUM LYCOPERSICUM Y PERUVIANUM";"Farming/Vegetables";"10"
"HÍBRIDOS DE SOLANUM LYCOPERSICUM Y PIMPINELLIFOILUM";"Farming/Vegetables";"10"
"HÍBRIDOS DE SOLANUM MELONGENA Y AETHIOPICUM";"Farming/Vegetables";"10"
"HÍBRIDOS DE SOLANUM MELONGENA Y TORVUM";"Farming/Vegetables";"10"
"JUDÍA ESPÁRRAGO";"Farming/Vegetables";"10"
"KALE";"Farming/Vegetables";"10"
"KIWANO";"Farming/Vegetables";"10"
"LECHUGA";"Farming/Vegetables";"10"
"LUFFA";"Farming/Vegetables";"10"
"MEJORANA";"Farming/Vegetables";"10"
"MELÓN";"Farming/Vegetables";"10"
"MENTA";"Farming/Vegetables";"10"
"OKRA";"Farming/Vegetables";"10"
"PATACA";"Farming/Vegetables";"10"
"PEPINO";"Farming/Vegetables";"10"
"PEPINO CULEBRA";"Farming/Vegetables";"10"
"PEREJIL";"Farming/Vegetables";"10"
"PEREJIL TUBEROSO";"Farming/Vegetables";"10"
"PERIFOLLO";"Farming/Vegetables";"10"
"PHYSALIS";"Farming/Vegetables";"10"
"PIMIENTO";"Farming/Vegetables";"10"
"PLANTAS ORNAMENTALES";"Farming/Vegetables";"10"
"PORTAINJERTOS DE CALABAZA";"Farming/Vegetables";"10"
"PUERRO";"Farming/Vegetables";"10"
"RABANITO";"Farming/Vegetables";"10"
"REPOLLO";"Farming/Vegetables";"10"
"ROMANESCU";"Farming/Vegetables";"10"
"RUIBARBO";"Farming/Vegetables";"10"
"RÁBANO";"Farming/Vegetables";"10"
"RÁBANO NEGRO";"Farming/Vegetables";"10"
"RÁBANO OLEÍFERO";"Farming/Vegetables";"10"
"RÁBANO PICANTE";"Farming/Vegetables";"10"
"RÁBANO SILVESTRE";"Farming/Vegetables";"10"
"RÚCULA";"Farming/Vegetables";"10"
"SANDÍA";"Farming/Vegetables";"10"
"SETA DE CARDO";"Farming/Vegetables";"10"
"TOMATE";"Farming/Vegetables";"10"
"TOMATE CIMARRÓN";"Farming/Vegetables";"10"
"TOMATE DE GALÁPAGOS";"Farming/Vegetables";"10"
"TOMATE PELUDO";"Farming/Vegetables";"10"
"TOMATE SILVESTRE";"Farming/Vegetables";"10"
"TOMATILLO";"Farming/Vegetables";"10"
"VERDOLAGA";"Farming/Vegetables";"10"
"ÑAME";"Farming/Vegetables";"10"
"ABEDUL";"Farming/Woody others";"10"
"ABETO";"Farming/Woody others";"10"
"ABETO DE DOUGLAS";"Farming/Woody others";"10"
"ACACIA";"Farming/Woody others";"10"
"ACACIA DE TRES ESPINAS";"Farming/Woody others";"10"
"ACACIA DEL JAPÓN";"Farming/Woody others";"10"
"ACEBO";"Farming/Woody others";"10"
"ACEBUCHE";"Farming/Woody others";"10"
"ACEROLO";"Farming/Woody others";"10"
"AESCULUS";"Farming/Woody others";"10"
"AILANTO";"Farming/Woody others";"10"
"ALANTICO o LANTISCO";"Farming/Woody others";"10"
"ALCORNOQUE";"Farming/Woody others";"10"
"ALERCE";"Farming/Woody others";"10"
"ALERCE AFRICANO";"Farming/Woody others";"10"
"ALERCE DE DUNKLED";"Farming/Woody others";"10"
"ALERCE DEL JAPÓN";"Farming/Woody others";"10"
"ALERCE EUROPEO";"Farming/Woody others";"10"
"ALISO";"Farming/Woody others";"10"
"ALMEZ";"Farming/Woody others";"10"
"ALMÁCIGO DE CANARIAS";"Farming/Woody others";"10"
"ARCE";"Farming/Woody others";"10"
"ARCE BLANCO";"Farming/Woody others";"10"
"ARCE COMÚN";"Farming/Woody others";"10"
"ARCE REAL";"Farming/Woody others";"10"
"AVELLANO";"Farming/Woody others";"10"
"BRAQUIQUITO";"Farming/Woody others";"10"
"CARPE";"Farming/Woody others";"10"
"CASTAÑO";"Farming/Woody others";"10"
"CATALPA COMÚN";"Farming/Woody others";"10"
"CEDRO";"Farming/Woody others";"10"
"CEDRO DEL ATLAS";"Farming/Woody others";"10"
"CEDRO DEL LÍBANO";"Farming/Woody others";"10"
"CEREZO DE MAHOMA";"Farming/Woody others";"10"
"CHAENOMELES";"Farming/Woody others";"10"
"CHAPARRO";"Farming/Woody others";"10"
"CHOPO";"Farming/Woody others";"10"
"CIPRÉS";"Farming/Woody others";"10"
"CIPRÉS COMÚN";"Farming/Woody others";"10"
"CIPRÉS DE ARIZONA";"Farming/Woody others";"10"
"CORNICABRA";"Farming/Woody others";"10"
"ENCINA";"Farming/Woody others";"10"
"ENEBRO";"Farming/Woody others";"10"
"EPHEDRA";"Farming/Woody others";"10"
"ESPINO AMARILLO";"Farming/Woody others";"10"
"EUCALIPTO";"Farming/Woody others";"10"
"EUCALIPTO BRILLANTE";"Farming/Woody others";"10"
"EUCALIPTO COMÚN";"Farming/Woody others";"10"
"FALSA ACACIA";"Farming/Woody others";"10"
"FALSO PIMENTERO";"Farming/Woody others";"10"
"FITOLACA";"Farming/Woody others";"10"
"FRESNO";"Farming/Woody others";"10"
"FRESNO COMÚN";"Farming/Woody others";"10"
"FRESNO DE HOJA ESTRECHA";"Farming/Woody others";"10"
"GINKGO";"Farming/Woody others";"10"
"GREVILLEA";"Farming/Woody others";"10"
"HAYA";"Farming/Woody others";"10"
"HIBISCUS";"Farming/Woody others";"10"
"HUAXYACAC";"Farming/Woody others";"10"
"JACARANDA";"Farming/Woody others";"10"
"JACARANDÁ AZUL";"Farming/Woody others";"10"
"LAUREL";"Farming/Woody others";"10"
"MADROÑO";"Farming/Woody others";"10"
"MADROÑO CANARIO";"Farming/Woody others";"10"
"MEZCLA DE FORESTALES";"Farming/Woody others";"10"
"MIMBRERA";"Farming/Woody others";"10"
"NOGAL";"Farming/Woody others";"10"
"NOGAL PECANO";"Farming/Woody others";"10"
"OLMO";"Farming/Woody others";"10"
"OLMO COMÚN";"Farming/Woody others";"10"
"OLMO DE MONTAÑA";"Farming/Woody others";"10"
"OMBÚ";"Farming/Woody others";"10"
"OSTRIA";"Farming/Woody others";"10"
"PALMA CANARIA";"Farming/Woody others";"10"
"PAULONIA";"Farming/Woody others";"10"
"PERAL DE HOJAS DE SAUCE";"Farming/Woody others";"10"
"PICEA";"Farming/Woody others";"10"
"PINO";"Farming/Woody others";"10"
"PINO CANARIO";"Farming/Woody others";"10"
"PINO CARRASCO";"Farming/Woody others";"10"
"PINO INSIGNE";"Farming/Woody others";"10"
"PINO MARÍTIMO";"Farming/Woody others";"10"
"PINO NEGRAL";"Farming/Woody others";"10"
"PINO NEGRO";"Farming/Woody others";"10"
"PINO PIÑONERO";"Farming/Woody others";"10"
"PINO SILVESTRE";"Farming/Woody others";"10"
"PINSAPO";"Farming/Woody others";"10"
"PLATANUS";"Farming/Woody others";"10"
"PYRACANTHA";"Farming/Woody others";"10"
"QUEJIGO";"Farming/Woody others";"10"
"REBOLLO";"Farming/Woody others";"10"
"RETAMA";"Farming/Woody others";"10"
"ROBINIA";"Farming/Woody others";"10"
"ROBLE";"Farming/Woody others";"10"
"ROBLE ALBAR";"Farming/Woody others";"10"
"ROBLE AMERICANO";"Farming/Woody others";"10"
"ROBLE PUBESCENTE";"Farming/Woody others";"10"
"SABINA";"Farming/Woody others";"10"
"SABINA ALBAR";"Farming/Woody others";"10"
"SABINA NEGRA";"Farming/Woody others";"10"
"SABINA RASTRERA";"Farming/Woody others";"10"
"SAUCE";"Farming/Woody others";"10"
"SAUCO";"Farming/Woody others";"10"
"SERBAL";"Farming/Woody others";"10"
"SERBAL BLANCO";"Farming/Woody others";"10"
"SERBAL COMÚN";"Farming/Woody others";"10"
"SERBAL DE LOS CAZADORES";"Farming/Woody others";"10"
"SETA DE CHOPO";"Farming/Woody others";"10"
"TALAYA";"Farming/Woody others";"10"
"TEJO";"Farming/Woody others";"10"
"TILO";"Farming/Woody others";"10"
"TIPUANA";"Farming/Woody others";"10"
"TRUFA";"Farming/Woody others";"10"
"TRUFA DEL DESIERTO";"Farming/Woody others";"10"
"TSUGA";"Farming/Woody others";"10"
"ÁLAMO";"Farming/Woody others";"10"
"ÁLAMO BLANCO";"Farming/Woody others";"10"
"ÁLAMO TEMBLÓN";"Farming/Woody others";"10"
"ÁRBOL DE LA LLAMA";"Farming/Woody others";"10"
"ÁRBOL DE LAS PELUCAS";"Farming/Woody others";"10"
"ÁRBOL DEL AMOR";"Farming/Woody others";"10"
"ÁRBOL PICA-PICA";"Farming/Woody others";"10"
"CAVIAR CÍTRICO/ FINGER LIME";"Farming/Fruit trees (non-citrus)/CAVIAR CÍTRICO";"10"
